image,source_image,width,height,box_count,has_transcription,source_bytes,output_bytes,frame_transform
image_0001.jpg,image_0001.jpeg,1200,1600,1,1,2004263,332505,raw
image_0002.jpg,image_0002.jpeg,1200,1600,1,1,2291614,307766,raw
image_0003.jpg,image_0003.jpeg,1200,1600,1,1,2118297,351431,raw
image_0004.jpg,image_0004.jpeg,1200,1600,1,1,2221585,368139,raw
image_0005.jpg,image_0005.jpeg,1200,1600,1,1,2051267,323427,raw
image_0006.jpg,image_0006.jpeg,1200,1600,1,1,1826655,290020,raw
image_0007.jpg,image_0007.jpeg,1200,1600,1,1,1583581,231787,raw
image_0008.jpg,image_0008.jpeg,1200,1600,1,1,2686908,401460,raw
image_0009.jpg,image_0009.jpeg,1200,1600,1,1,2204061,278585,raw
image_0010.jpg,image_0010.jpeg,1200,1600,1,1,1893040,252929,raw
image_0011.jpg,image_0011.jpeg,1200,1600,1,1,2606378,414262,raw
image_0012.jpg,image_0012.jpeg,1200,1600,1,1,2828250,452723,raw
image_0013.jpg,image_0013.jpeg,1200,1600,1,1,2371256,402158,raw
image_0014.jpg,image_0014.jpeg,1200,1600,1,1,2843926,470181,raw
image_0015.jpg,image_0015.jpeg,1200,1600,1,1,2649114,424104,raw
image_0016.jpg,image_0016.jpeg,1200,1600,1,1,2544412,370155,raw
image_0017.jpg,image_0017.jpeg,1200,1600,1,1,3100280,489577,raw
image_0018.jpg,image_0018.jpeg,1200,1600,1,1,2225831,279693,raw
image_0019.jpg,image_0019.jpeg,1200,1600,1,1,4478850,261159,raw
image_0020.jpg,image_0020.jpeg,1200,1600,1,1,1957642,230772,raw
image_0021.jpg,image_0021.jpeg,1200,1600,1,1,2245122,308104,raw
image_0022.jpg,image_0022.jpeg,1200,1600,1,1,1209658,144886,raw
image_0023.jpg,image_0023.jpeg,1200,1600,1,1,2470501,339481,raw
image_0024.jpg,image_0024.jpeg,1200,1600,1,1,2497566,355313,raw
image_0025.jpg,image_0025.jpeg,1200,1600,1,1,1849335,288342,raw
image_0026.jpg,image_0026.jpeg,1200,1600,1,1,1763392,267827,raw
image_0027.jpg,image_0027.jpeg,1200,1600,1,1,2034678,317553,raw
image_0028.jpg,image_0028.jpeg,1200,1600,1,1,1885680,285378,raw
image_0029.jpg,image_0029.jpeg,1200,1600,1,1,1846335,304639,raw
image_0030.jpg,image_0030.jpeg,1200,1600,1,1,2237981,313140,raw
image_0031.jpg,image_0031.jpeg,1200,1600,1,1,2590721,354738,raw
image_0032.jpg,image_0032.jpeg,1200,1600,1,1,2930957,443308,raw
image_0033.jpg,image_0033.jpeg,1200,1600,1,1,2774836,420987,raw
image_0034.jpg,image_0034.jpeg,1200,1600,1,1,3132444,471203,raw
image_0035.jpg,image_0035.jpeg,1200,1600,1,1,4839927,370959,raw
image_0036.jpg,image_0036.jpeg,1200,1600,1,1,5286971,392212,raw
image_0037.jpg,image_0037.jpeg,1200,1600,1,1,1855446,224178,raw
image_0038.jpg,image_0038.jpeg,1200,1600,1,1,1773675,200556,raw
image_0039.jpg,image_0039.jpeg,1200,1600,1,1,2967486,465647,raw
image_0040.jpg,image_0040.jpeg,1200,1600,1,1,2452933,366143,raw
image_0041.jpg,image_0041.jpeg,1200,1600,1,1,1870707,238658,raw
image_0042.jpg,image_0042.jpeg,1200,1600,1,1,1512498,171219,raw
image_0043.jpg,image_0043.jpeg,1200,1600,1,1,2853039,451658,raw
image_0044.jpg,image_0044.jpeg,1200,1600,1,1,2388693,365392,raw
image_0045.jpg,image_0045.jpeg,1200,1600,1,1,2381314,352330,raw
image_0046.jpg,image_0046.jpeg,1200,1600,1,1,2453492,360857,raw
image_0047.jpg,image_0047.jpeg,1200,1600,1,1,2351571,283665,raw
image_0048.jpg,image_0048.jpeg,1200,1600,1,1,2381049,300812,raw
image_0049.jpg,image_0049.jpeg,1200,1600,1,1,2392738,313839,raw
image_0050.jpg,image_0050.jpeg,1200,1600,1,1,1989292,307990,raw
image_0051.jpg,image_0051.jpeg,1200,1600,1,1,1829173,225291,raw
image_0052.jpg,image_0052.jpeg,1200,1600,1,1,2100849,256450,raw
image_0053.jpg,image_0053.jpeg,1200,1600,1,1,2041436,333486,raw
image_0054.jpg,image_0054.jpeg,1200,1600,1,1,2788885,390717,raw
image_0055.jpg,image_0055.jpeg,1200,1600,1,1,2149864,288575,raw
image_0056.jpg,image_0056.jpeg,1200,1600,1,1,2578940,331218,raw
image_0057.jpg,image_0057.jpeg,1200,1600,1,1,1651132,239348,raw
image_0058.jpg,image_0058.jpeg,1200,1600,1,1,2507452,327980,raw
image_0059.jpg,image_0059.jpeg,1200,1600,1,1,2239167,361065,raw
image_0060.jpg,image_0060.jpeg,1200,1600,1,1,2214438,292315,raw
image_0061.jpg,image_0061.jpeg,1200,1600,1,1,2184866,336071,raw
image_0062.jpg,image_0062.jpeg,1200,1600,1,1,2522017,346411,raw
image_0063.jpg,image_0063.jpeg,1200,1600,1,1,2440844,340638,raw
image_0064.jpg,image_0064.jpeg,1200,1600,1,1,2559932,369380,raw
image_0065.jpg,image_0065.jpeg,1200,1600,1,1,2681392,407407,raw
image_0066.jpg,image_0066.jpeg,1200,1600,1,1,2758830,414491,raw
image_0067.jpg,image_0067.jpeg,1200,1600,1,1,1580859,203317,raw
image_0068.jpg,image_0068.jpeg,1200,1600,1,1,1866329,246540,raw
image_0069.jpg,image_0069.jpeg,1200,1600,1,1,2515005,378594,raw
image_0070.jpg,image_0070.jpeg,1200,1600,1,1,2047114,266731,raw
image_0071.jpg,image_0071.jpeg,1200,1600,1,1,2638865,400929,raw
image_0072.jpg,image_0072.jpeg,1200,1600,1,1,2917802,429865,raw
image_0073.jpg,image_0073.jpeg,1200,1600,1,1,2557744,386279,raw
image_0074.jpg,image_0074.jpeg,1200,1600,1,1,2422253,367486,raw
image_0075.jpg,image_0075.jpeg,1200,1600,1,1,1728834,240177,raw
image_0076.jpg,image_0076.jpeg,1200,1600,1,1,2552575,346359,raw
image_0077.jpg,image_0077.jpeg,1200,1600,1,1,3316634,320219,rotate_90_ccw
image_0078.jpg,image_0078.jpeg,1200,1600,1,1,4464837,383425,rotate_90_cw
image_0079.jpg,image_0079.jpeg,1600,1200,1,1,4302121,365807,raw
image_0080.jpg,image_0080.jpeg,1600,1200,1,1,3619955,313000,raw
image_0081.jpg,image_0081.jpeg,1600,1200,1,1,3274900,226404,raw
image_0082.jpg,image_0082.jpeg,1600,1200,1,1,4347067,358610,raw
image_0083.jpg,image_0083.jpeg,1600,1200,1,1,3657578,292227,raw
image_0084.jpg,image_0084.jpeg,1600,1200,1,1,3703646,291507,raw
image_0085.jpg,image_0085.jpeg,1600,1200,1,1,3768252,291441,raw
image_0086.jpg,image_0086.jpeg,1600,1200,1,1,3654508,364732,raw
image_0087.jpg,image_0087.jpeg,1600,1200,1,1,2651986,212865,raw
image_0088.jpg,image_0088.jpeg,1600,1200,1,1,3830474,286267,raw
image_0089.jpg,image_0089.jpeg,1600,1200,1,1,4044368,338404,raw
image_0090.jpg,image_0090.jpeg,1600,1200,1,1,3540891,254845,raw
image_0091.jpg,image_0091.jpeg,1600,1200,1,1,4211802,333434,raw
image_0092.jpg,image_0092.jpeg,1200,1600,1,1,4478228,408842,raw
image_0093.jpg,image_0093.jpeg,1200,1600,1,1,3570956,359511,raw
image_0094.jpg,image_0094.jpeg,1200,1600,1,1,3801824,333032,rotate_90_cw
image_0095.jpg,image_0095.jpeg,1200,1600,1,1,3650807,335467,rotate_90_cw
image_0096.jpg,image_0096.jpeg,1200,1600,1,1,4073156,358674,rotate_90_cw
image_0097.jpg,image_0097.jpeg,1600,1200,1,1,3193849,226622,raw
image_0098.jpg,image_0098.jpeg,1200,1600,1,1,3466026,366957,raw
image_0099.jpg,image_0099.jpeg,1200,1600,1,1,3428707,322035,raw
image_0100.jpg,image_0100.jpeg,1200,1600,1,1,3668785,324381,rotate_90_cw
image_0101.jpg,image_0101.jpeg,1200,1600,1,1,3712744,331784,rotate_90_cw
image_0102.jpg,image_0102.jpeg,1200,1600,1,1,3445501,343734,raw
image_0103.jpg,image_0103.jpeg,1200,1600,1,1,3631078,275135,raw
image_0104.jpg,image_0104.jpeg,1600,1200,1,1,4123818,310250,raw
image_0105.jpg,image_0105.jpeg,1200,1600,1,1,3916196,481389,raw
image_0106.jpg,image_0106.jpeg,1200,1600,1,1,2898962,269682,raw
image_0107.jpg,image_0107.jpeg,1200,1600,1,1,3346021,266277,raw
image_0108.jpg,image_0108.jpeg,1200,1600,1,1,3076819,257863,raw
image_0109.jpg,image_0109.jpeg,1200,1600,1,1,3019396,249670,raw
image_0110.jpg,image_0110.jpeg,1200,1600,1,1,2759228,244519,raw
image_0111.jpg,image_0111.jpeg,1200,1600,1,1,3031306,242845,raw
image_0112.jpg,image_0112.jpeg,1200,1600,1,1,3032047,289384,raw
image_0113.jpg,image_0113.jpeg,1600,1200,0,0,3296102,274136,raw_no_box_swapped
image_0114.jpg,image_0114.jpeg,1200,1600,1,1,3234655,262851,rotate_90_cw
image_0115.jpg,image_0115.jpeg,1600,1200,0,0,2770980,229515,raw_no_box_swapped
image_0116.jpg,image_0116.jpeg,1200,1600,1,1,3024872,310696,raw
image_0117.jpg,image_0117.jpeg,1200,1600,1,1,3267757,342407,raw
image_0118.jpg,image_0118.jpeg,1200,1600,1,1,3440263,439187,raw
image_0119.jpg,image_0119.jpeg,1200,1600,0,0,2989437,306901,raw
image_0120.jpg,image_0120.jpeg,1600,1200,1,1,3727678,340942,raw
image_0121.jpg,image_0121.jpeg,1600,1200,1,1,3862068,412886,raw
image_0122.jpg,image_0122.jpeg,1200,1600,1,1,3258506,398429,raw
image_0123.jpg,image_0123.jpeg,1200,1600,1,1,3153061,273639,raw
image_0124.jpg,image_0124.jpeg,1200,1600,1,1,3154767,358111,raw
image_0125.jpg,image_0125.jpeg,1200,1600,1,1,3438872,401021,raw
image_0126.jpg,image_0126.jpeg,1200,1600,1,1,3655419,432234,raw
image_0127.jpg,image_0127.jpeg,1200,1600,1,1,3703816,407973,raw
image_0128.jpg,image_0128.jpeg,1200,1600,1,1,3762023,405088,raw
image_0129.jpg,image_0129.jpeg,1200,1600,1,1,4040623,333198,rotate_90_cw
image_0130.jpg,image_0130.jpeg,1600,1200,1,1,3688427,301150,raw
image_0131.jpg,image_0131.jpeg,1200,1600,1,1,3224497,343898,rotate_90_cw
image_0132.jpg,image_0132.jpeg,1200,1600,1,1,4166266,338921,rotate_90_ccw
image_0133.jpg,image_0133.jpeg,1600,1200,1,1,3547048,264470,raw
image_0134.jpg,image_0134.jpeg,1600,1200,1,1,3596321,321819,raw
image_0135.jpg,image_0135.jpeg,1200,1600,1,1,3109081,242701,rotate_90_ccw
image_0136.jpg,image_0136.jpeg,1200,1600,1,1,4196492,345488,rotate_90_cw
image_0137.jpg,image_0137.jpeg,1200,1600,1,1,4265425,345578,rotate_90_cw
image_0138.jpg,image_0138.jpeg,1200,1600,1,1,4427607,386782,rotate_90_cw
image_0139.jpg,image_0139.jpeg,1200,1600,1,1,4129188,361175,rotate_90_cw
image_0140.jpg,image_0140.jpeg,1200,1600,1,1,3762345,310049,rotate_90_cw
image_0141.jpg,image_0141.jpeg,1200,1600,1,1,3693936,278173,rotate_90_cw
image_0142.jpg,image_0142.jpeg,1600,1200,0,0,3476411,268595,raw_no_box_swapped
image_0143.jpg,image_0143.jpeg,1200,1600,1,1,4135816,457152,rotate_90_ccw
image_0144.jpg,image_0144.jpeg,1600,1200,0,0,4183341,318603,raw_no_box_swapped
image_0145.jpg,image_0145.jpeg,1200,1600,1,1,4087137,354871,rotate_90_cw
image_0146.jpg,image_0146.jpeg,1200,1600,1,1,3910822,357802,rotate_90_ccw
image_0147.jpg,image_0147.jpeg,1200,1600,1,1,3048959,312457,rotate_90_ccw
image_0148.jpg,image_0148.jpeg,1200,1600,1,1,3768054,366105,rotate_90_ccw
image_0149.jpg,image_0149.jpeg,1200,1600,1,1,3241965,269854,rotate_90_cw
image_0150.jpg,image_0150.jpeg,1200,1600,1,1,3621359,322244,rotate_90_ccw
image_0151.jpg,image_0151.jpeg,1200,1600,1,1,3271437,239710,rotate_90_cw
image_0152.jpg,image_0152.jpeg,1200,1600,1,1,4405543,463651,rotate_90_cw
image_0153.jpg,image_0153.jpeg,1200,1600,1,1,3527601,248848,rotate_90_cw
image_0154.jpg,image_0154.jpeg,1200,1600,1,1,3097921,199432,rotate_90_cw
image_0155.jpg,image_0155.jpeg,1200,1600,1,1,4306244,379582,rotate_90_cw
image_0156.jpg,image_0156.jpeg,1200,1600,1,1,3956397,374210,rotate_90_ccw
image_0157.jpg,image_0157.jpeg,1200,1600,1,1,4667993,417835,rotate_90_cw
image_0158.jpg,image_0158.jpeg,1200,1600,1,1,4541840,407770,rotate_90_cw
image_0159.jpg,image_0159.jpeg,1600,1200,0,0,3851104,273226,raw_no_box_swapped
image_0160.jpg,image_0160.jpeg,1200,1600,1,1,3362266,309720,rotate_90_ccw
image_0161.jpg,image_0161.jpeg,1200,1600,1,1,3859593,318863,rotate_90_cw
image_0162.jpg,image_0162.jpeg,1200,1600,1,1,4019812,319028,rotate_90_cw
image_0163.jpg,image_0163.jpeg,1600,1200,1,1,3231026,262014,raw
image_0164.jpg,image_0164.jpeg,1600,1200,1,1,4201025,322033,raw
image_0165.jpg,image_0165.jpeg,1600,1200,0,0,4375310,347655,raw
image_0166.jpg,image_0166.jpeg,1600,1200,0,0,3193578,211255,raw_no_box_swapped
image_0167.jpg,image_0167.jpeg,1600,1200,0,0,4072957,353513,raw
image_0168.jpg,image_0168.jpeg,1600,1200,0,0,3925068,288517,raw_no_box_swapped
image_0169.jpg,image_0169.jpeg,1600,1200,0,0,4479516,340361,raw_no_box_swapped
image_0170.jpg,image_0170.jpeg,1600,1200,0,0,3844083,380346,raw
image_0171.jpg,image_0171.jpeg,1600,1200,0,0,3671257,352876,raw
image_0172.jpg,image_0172.jpeg,1600,1200,0,0,4244859,330918,raw
image_0173.jpg,image_0173.jpeg,1600,1200,0,0,4176248,346691,raw
image_0174.jpg,image_0174.jpeg,1600,1200,0,0,4035033,339655,raw
image_0175.jpg,image_0175.jpeg,1200,1600,1,1,3947594,286210,rotate_90_cw
image_0176.jpg,image_0176.jpeg,1200,1600,1,1,3476564,265280,rotate_90_cw
image_0177.jpg,image_0177.jpeg,1200,1600,1,1,3983520,295042,raw
image_0178.jpg,image_0178.jpeg,1200,1600,1,1,4122324,309184,rotate_90_cw
image_0179.jpg,image_0179.jpeg,1600,1200,0,0,3802694,389750,raw_no_box_swapped
image_0180.jpg,image_0180.jpeg,1600,1200,0,0,4516840,344793,raw_no_box_swapped
image_0181.jpg,image_0181.jpeg,1200,1600,1,1,4016442,335703,rotate_90_cw
image_0182.jpg,image_0182.jpeg,1200,1600,1,1,4302897,355202,rotate_90_cw
image_0183.jpg,image_0183.jpeg,1200,1600,1,1,4093847,330742,rotate_90_cw
image_0184.jpg,image_0184.jpeg,1200,1600,1,1,4028590,318799,rotate_90_cw
image_0185.jpg,image_0185.jpeg,1200,1600,1,1,4207613,342048,rotate_90_cw
image_0186.jpg,image_0186.jpeg,1200,1600,1,1,4448577,491238,rotate_90_cw
image_0187.jpg,image_0187.jpeg,1600,1200,0,0,4244942,390307,raw_no_box_swapped
image_0188.jpg,image_0188.jpeg,1200,1600,1,1,3917083,364185,rotate_90_cw
image_0189.jpg,image_0189.jpeg,1200,1600,1,1,4268992,377690,rotate_90_cw
image_0190.jpg,image_0190.jpeg,1600,1200,0,0,4984527,436336,raw
image_0191.jpg,image_0191.jpeg,1600,1200,1,1,4784784,399905,raw
image_0192.jpg,image_0192.jpeg,1200,1600,1,1,4253361,359420,rotate_90_ccw
image_0193.jpg,image_0193.jpeg,1600,1200,1,1,4523595,383410,raw
image_0194.jpg,image_0194.jpeg,1200,1600,1,1,4070698,344045,rotate_90_cw
image_0195.jpg,image_0195.jpeg,1200,1600,1,1,3874276,390170,rotate_90_cw
image_0196.jpg,image_0196.jpeg,1200,1600,1,1,3989796,348412,rotate_90_cw
image_0197.jpg,image_0197.jpeg,1600,1200,1,1,3656310,252274,raw
image_0198.jpg,image_0198.jpeg,1600,1200,1,1,3502312,273896,raw
image_0199.jpg,image_0199.jpeg,1200,1600,1,1,3973703,322211,rotate_90_cw
image_0200.jpg,image_0200.jpeg,1200,1600,1,1,3503327,279739,rotate_90_cw
image_0201.jpg,image_0201.jpeg,1200,1600,1,1,3817757,319524,rotate_90_ccw
image_0202.jpg,image_0202.jpeg,1200,1600,1,1,4021316,315317,rotate_90_cw
image_0203.jpg,image_0203.jpeg,1200,1600,1,1,3815786,293695,rotate_90_cw
image_0204.jpg,image_0204.jpeg,1200,1600,1,1,3565445,254851,rotate_90_cw
image_0205.jpg,image_0205.jpeg,1200,1600,1,1,3653808,259314,raw
image_0206.jpg,image_0206.jpeg,1200,1600,1,1,3876294,297073,rotate_90_cw
image_0207.jpg,image_0207.jpeg,1200,1600,1,1,2124218,322343,raw
image_0208.jpg,image_0208.jpeg,1600,1200,1,1,2420844,358936,raw
image_0209.jpg,image_0209.jpeg,1200,1600,1,1,1981217,282176,raw
image_0210.jpg,image_0210.jpeg,1200,1600,1,1,2658650,394480,raw
image_0211.jpg,image_0211.jpeg,1200,1600,1,1,2711453,412114,raw
image_0212.jpg,image_0212.jpeg,1600,1200,1,1,2744409,409326,raw
image_0213.jpg,image_0213.jpeg,1200,1600,1,1,2624553,397806,raw
image_0214.jpg,image_0214.jpeg,1200,1600,1,1,2195439,274293,raw
image_0215.jpg,image_0215.jpeg,1200,1600,1,1,2014561,228483,raw
image_0216.jpg,image_0216.jpeg,1600,1200,1,1,2725517,344309,raw
image_0217.jpg,image_0217.jpeg,1200,1600,1,1,1987615,278903,raw
image_0218.jpg,image_0218.jpeg,1200,1600,1,1,1845940,277720,raw
image_0219.jpg,image_0219.jpeg,1200,1600,1,1,2353565,315526,raw
image_0220.jpg,image_0220.jpeg,1600,1200,1,1,3247620,441161,raw
image_0221.jpg,image_0221.jpeg,1200,1600,1,1,4711689,359327,raw
image_0222.jpg,image_0222.jpeg,1200,1600,1,1,1864315,222376,raw
image_0223.jpg,image_0223.jpeg,1200,1600,1,1,2490357,358409,raw
image_0224.jpg,image_0224.jpeg,1600,1200,1,1,1694318,172386,raw
image_0225.jpg,image_0225.jpeg,1200,1600,1,1,2435220,350994,raw
image_0226.jpg,image_0226.jpeg,1200,1600,1,1,2350652,281195,raw
image_0227.jpg,image_0227.jpeg,1200,1600,1,1,2473938,316074,raw
image_0228.jpg,image_0228.jpeg,1600,1200,1,1,2298333,258636,raw
image_0229.jpg,image_0229.jpeg,1200,1600,1,1,2732630,374423,raw
image_0230.jpg,image_0230.jpeg,1200,1600,1,1,2443288,318457,raw
image_0231.jpg,image_0231.jpeg,1200,1600,1,1,2337214,349602,raw
image_0232.jpg,image_0232.jpeg,1600,1200,1,1,2435607,335898,raw
image_0233.jpg,image_0233.jpeg,1200,1600,1,1,2585918,354798,raw
image_0234.jpg,image_0234.jpeg,1200,1600,1,1,2715063,407538,raw
image_0235.jpg,image_0235.jpeg,1200,1600,1,1,2577651,370766,raw
image_0236.jpg,image_0236.jpeg,1600,1200,1,1,2963953,407154,raw
image_0237.jpg,image_0237.jpeg,1200,1600,1,1,2554428,370299,raw
image_0238.jpg,image_0238.jpeg,1200,1600,1,1,2515135,339340,raw
image_0239.jpg,image_0239.jpeg,1200,1600,1,1,3385007,368444,raw
image_0240.jpg,image_0240.jpeg,1200,1600,1,1,3080870,230918,raw
image_0241.jpg,image_0241.jpeg,1600,1200,1,1,2960316,281013,raw
image_0242.jpg,image_0242.jpeg,1600,1200,1,1,2834424,281109,raw
image_0243.jpg,image_0243.jpeg,1200,1600,1,1,3110664,285961,raw
image_0244.jpg,image_0244.jpeg,1200,1600,1,1,3310488,258656,raw
image_0245.jpg,image_0245.jpeg,1200,1600,1,1,3223217,342077,raw
image_0246.jpg,image_0246.jpeg,1200,1600,1,1,3166189,331823,raw
image_0247.jpg,image_0247.jpeg,1600,1200,1,1,2636702,226604,raw
image_0248.jpg,image_0248.jpeg,1600,1200,1,1,3402034,329733,raw
image_0249.jpg,image_0249.jpeg,1200,1600,1,1,3129489,326938,raw
image_0250.jpg,image_0250.jpeg,1200,1600,1,1,3682426,467177,raw
image_0251.jpg,image_0251.jpeg,1200,1600,1,1,3116819,268563,raw
image_0252.jpg,image_0252.jpeg,1600,1200,1,1,3009532,248215,raw
image_0253.jpg,image_0253.jpeg,1200,1600,1,1,2750250,275862,raw
image_0254.jpg,image_0254.jpeg,1200,1600,1,1,2568837,256496,raw
image_0255.jpg,image_0255.jpeg,1200,1600,1,1,2999570,333020,raw
image_0256.jpg,image_0256.jpeg,1600,1200,0,0,3241709,314608,raw
image_0257.jpg,image_0257.jpeg,1200,1600,1,1,3062451,381832,raw
image_0258.jpg,image_0258.jpeg,1200,1600,1,1,3131659,353122,raw
image_0259.jpg,image_0259.jpeg,1200,1600,1,1,3462773,424493,raw
image_0260.jpg,image_0260.jpeg,1600,1200,1,1,3665361,338695,raw
image_0261.jpg,image_0261.jpeg,1200,1600,1,1,3029388,330932,raw
image_0262.jpg,image_0262.jpeg,1600,1200,1,1,3206335,315802,raw
image_0263.jpg,image_0263.jpeg,1200,1600,1,1,3223413,333641,raw
image_0264.jpg,image_0264.jpeg,1600,1200,1,1,4003196,396406,raw
image_0265.jpg,image_0265.jpeg,1200,1600,1,1,2859115,274299,raw
image_0266.jpg,image_0266.jpeg,1200,1600,1,1,3187760,438659,raw
image_0267.jpg,image_0267.jpeg,1200,1600,1,1,3149657,360897,raw
image_0268.jpg,image_0268.jpeg,1600,1200,1,1,3482894,372594,raw
image_0269.jpg,image_0269.jpeg,1200,1600,1,1,2675553,231724,raw
image_0270.jpg,image_0270.jpeg,1200,1600,1,1,3231712,245753,raw
image_0271.jpg,image_0271.jpeg,1200,1600,1,1,3363400,365478,raw
image_0272.jpg,image_0272.jpeg,1600,1200,1,1,4085271,416107,raw
image_0273.jpg,image_0273.jpeg,1200,1600,1,1,2768778,298620,raw
image_0274.jpg,image_0274.jpeg,1600,1200,1,1,2895314,257250,raw
image_0275.jpg,image_0275.jpeg,1600,1200,0,0,3419817,347111,raw
image_0276.jpg,image_0276.jpeg,1200,1600,0,0,3624896,355644,raw
image_0277.jpg,image_0277.jpeg,1600,1200,0,0,3103043,362625,raw
image_0278.jpg,image_0278.jpeg,1200,1600,0,0,3018238,321648,raw
image_0279.jpg,image_0279.jpeg,1200,1600,1,1,3106010,284928,raw
image_0280.jpg,image_0280.jpeg,1600,1200,1,1,3666978,299627,raw
image_0281.jpg,image_0281.jpeg,1200,1600,0,0,3062166,380961,raw
image_0282.jpg,image_0282.jpeg,1200,1600,1,1,3649269,350159,raw
image_0283.jpg,image_0283.jpeg,1200,1600,1,1,3323177,321504,raw
image_0284.jpg,image_0284.jpeg,1600,1200,0,0,3861977,398983,raw
image_0285.jpg,image_0285.jpeg,1200,1600,1,1,2541248,355691,raw
image_0286.jpg,image_0286.jpeg,1200,1600,1,1,3393023,351027,raw
image_0287.jpg,image_0287.jpeg,1200,1600,1,1,3184471,336584,raw
image_0288.jpg,image_0288.jpeg,1600,1200,1,1,3684276,354248,raw
image_0289.jpg,image_0289.jpeg,1200,1600,1,1,3044556,314312,raw
image_0290.jpg,image_0290.jpeg,1200,1600,1,1,2901639,309050,raw
image_0291.jpg,image_0291.jpeg,1200,1600,1,1,2917509,260934,raw
image_0292.jpg,image_0292.jpeg,1600,1200,1,1,3571371,306821,raw
image_0293.jpg,image_0293.jpeg,1200,1600,1,1,1811366,298236,raw
image_0294.jpg,image_0294.jpeg,1200,1600,1,1,2190392,343626,raw
image_0295.jpg,image_0295.jpeg,1200,1600,1,1,1768504,287575,raw
image_0296.jpg,image_0296.jpeg,1200,1600,1,1,3429511,346733,raw
image_0297.jpg,image_0297.jpeg,1200,1600,1,1,2482038,413486,raw
image_0298.jpg,image_0298.jpeg,1200,1600,1,1,2604225,300981,raw
image_0299.jpg,image_0299.jpeg,1200,1600,1,1,2137983,262801,raw
image_0300.jpg,image_0300.jpeg,1600,1200,1,1,3177504,266719,raw
image_0301.jpg,image_0301.jpeg,1200,1600,1,1,3087518,208152,raw
image_0302.jpg,image_0302.jpeg,1200,1600,1,1,3169027,214559,raw
image_0303.jpg,image_0303.jpeg,1200,1600,1,1,3818828,387143,raw
image_0304.jpg,image_0304.jpeg,1200,1600,1,1,3711680,363367,raw
image_0305.jpg,image_0305.jpeg,1200,1600,1,1,4068901,388434,raw
image_0306.jpg,image_0306.jpeg,1200,1600,1,1,4211288,399941,raw
image_0307.jpg,image_0307.jpeg,1200,1600,1,1,2993309,229625,raw
image_0308.jpg,image_0308.jpeg,1200,1600,1,1,3392287,236837,raw
image_0309.jpg,image_0309.jpeg,1200,1600,1,1,3588542,256278,raw
image_0310.jpg,image_0310.jpeg,1200,1600,1,1,3680184,271709,raw
image_0311.jpg,image_0311.jpeg,1200,1600,1,1,3510385,277560,raw
image_0312.jpg,image_0312.jpeg,1200,1600,1,1,3429477,288263,raw
image_0313.jpg,image_0313.jpeg,1200,1600,1,1,3329136,253593,raw
image_0314.jpg,image_0314.jpeg,1200,1600,1,1,3588051,301363,raw
image_0315.jpg,image_0315.jpeg,1200,1600,1,1,2638875,210090,raw
image_0316.jpg,image_0316.jpeg,1200,1600,1,1,2867374,217485,raw
image_0317.jpg,image_0317.jpeg,1200,1600,1,1,3889963,366171,raw
image_0318.jpg,image_0318.jpeg,1200,1600,1,1,4219504,365297,raw
image_0319.jpg,image_0319.jpeg,1200,1600,1,1,3404827,252007,raw
image_0320.jpg,image_0320.jpeg,1200,1600,1,1,3436229,283193,raw
image_0321.jpg,image_0321.jpeg,1200,1600,1,1,2491261,185469,raw
image_0322.jpg,image_0322.jpeg,1200,1600,1,1,2638360,206668,raw
image_0323.jpg,image_0323.jpeg,1200,1600,1,1,3122621,221122,raw
image_0324.jpg,image_0324.jpeg,1200,1600,1,1,2739414,222002,raw
image_0325.jpg,image_0325.jpeg,1200,1600,1,1,2824374,244689,raw
image_0326.jpg,image_0326.jpeg,1200,1600,1,1,2783056,240999,raw
image_0327.jpg,image_0327.jpeg,1200,1600,1,1,3035188,247664,raw
image_0328.jpg,image_0328.jpeg,1200,1600,1,1,2844649,222053,raw
image_0329.jpg,image_0329.jpeg,1200,1600,1,1,2820007,220749,raw
image_0330.jpg,image_0330.jpeg,1200,1600,1,1,2838045,231284,raw
image_0331.jpg,image_0331.jpeg,1200,1600,1,1,3114088,302545,raw
image_0332.jpg,image_0332.jpeg,1200,1600,1,1,3102003,269128,raw
image_0333.jpg,image_0333.jpeg,1200,1600,1,1,2940604,292896,raw
image_0334.jpg,image_0334.jpeg,1200,1600,1,1,2807344,263866,raw
image_0335.jpg,image_0335.jpeg,1200,1600,1,1,3480798,326289,raw
image_0336.jpg,image_0336.jpeg,1200,1600,1,1,3324111,301637,raw
image_0337.jpg,image_0337.jpeg,1200,1600,1,1,3152444,346630,raw
image_0338.jpg,image_0338.jpeg,1200,1600,1,1,3441131,339785,raw
image_0339.jpg,image_0339.jpeg,1200,1600,1,1,3218626,301767,raw
image_0340.jpg,image_0340.jpeg,1200,1600,1,1,3923526,335167,raw
image_0341.jpg,image_0341.jpeg,1200,1600,1,1,2555271,204539,raw
image_0342.jpg,image_0342.jpeg,1200,1600,1,1,2830667,186738,raw
image_0343.jpg,image_0343.jpeg,1200,1600,1,1,2933453,233165,raw
image_0344.jpg,image_0344.jpeg,1200,1600,1,1,2886547,239015,raw
image_0345.jpg,image_0345.jpeg,1200,1600,1,1,3178665,253533,raw
image_0346.jpg,image_0346.jpeg,1200,1600,1,1,3357810,253220,raw
image_0347.jpg,image_0347.jpeg,1200,1600,1,1,2819243,210712,raw
image_0348.jpg,image_0348.jpeg,1200,1600,1,1,3135192,217153,raw
image_0349.jpg,image_0349.jpeg,1200,1600,1,1,3670666,351449,raw
image_0350.jpg,image_0350.jpeg,1200,1600,1,1,3579071,316142,raw
image_0351.jpg,image_0351.jpeg,1200,1600,1,1,2921939,299183,raw
image_0352.jpg,image_0352.jpeg,1200,1600,1,1,3041118,282955,raw
image_0353.jpg,image_0353.jpeg,1200,1600,1,1,3129828,323760,raw
image_0354.jpg,image_0354.jpeg,1200,1600,1,1,3338269,343257,raw
image_0355.jpg,image_0355.jpeg,1200,1600,1,1,2902861,267567,raw
image_0356.jpg,image_0356.jpeg,1200,1600,1,1,2928911,248751,raw
image_0357.jpg,image_0357.jpeg,1200,1600,1,1,3356612,304918,raw
image_0358.jpg,image_0358.jpeg,1200,1600,1,1,3146770,287122,raw
image_0359.jpg,image_0359.jpeg,1200,1600,1,1,3579802,340475,raw
image_0360.jpg,image_0360.jpeg,1200,1600,1,1,3819559,355741,raw
image_0361.jpg,image_0361.jpeg,1200,1600,1,1,3862028,367871,raw
image_0362.jpg,image_0362.jpeg,1200,1600,1,1,4356224,406588,raw
image_0363.jpg,image_0363.jpeg,1200,1600,1,1,3650986,400475,raw
image_0364.jpg,image_0364.jpeg,1200,1600,1,1,3131920,327763,raw
image_0365.jpg,image_0365.jpeg,1200,1600,1,1,3136016,305584,raw
image_0366.jpg,image_0366.jpeg,1200,1600,1,1,3419030,313823,raw
image_0367.jpg,image_0367.jpeg,1200,1600,1,1,2846726,258265,raw
image_0368.jpg,image_0368.jpeg,1200,1600,1,1,2898180,266862,raw
image_0369.jpg,image_0369.jpeg,1200,1600,1,1,2878170,283857,raw
image_0370.jpg,image_0370.jpeg,1200,1600,1,1,3176737,321053,raw
image_0371.jpg,image_0371.jpeg,1200,1600,1,1,3090496,324599,raw
image_0372.jpg,image_0372.jpeg,1200,1600,1,1,3079380,331209,raw
image_0373.jpg,image_0373.jpeg,1200,1600,1,1,3477328,345995,raw
image_0374.jpg,image_0374.jpeg,1200,1600,1,1,3483242,349154,raw
image_0375.jpg,image_0375.jpeg,1200,1600,1,1,3234343,292157,raw
image_0376.jpg,image_0376.jpeg,1200,1600,1,1,3248006,281863,raw
image_0377.jpg,image_0377.jpeg,1200,1600,1,1,2938253,218160,raw
image_0378.jpg,image_0378.jpeg,1200,1600,1,1,3134422,231831,raw
image_0379.jpg,image_0379.jpeg,1200,1600,1,1,2805011,227152,raw
image_0380.jpg,image_0380.jpeg,1200,1600,1,1,2894309,244180,raw
image_0381.jpg,image_0381.jpeg,1200,1600,1,1,3253040,299384,raw
image_0382.jpg,image_0382.jpeg,1200,1600,1,1,3295974,306320,raw
image_0383.jpg,image_0383.jpeg,1200,1600,1,1,3497971,325890,raw
image_0384.jpg,image_0384.jpeg,1200,1600,1,1,3904362,335994,raw
image_0385.jpg,image_0385.jpeg,1200,1600,0,0,2857053,292226,raw
image_0386.jpg,image_0386.jpeg,1200,1600,0,0,3209586,312897,raw
image_0387.jpg,image_0387.jpeg,1200,1600,1,1,3600561,281167,raw
image_0388.jpg,image_0388.jpeg,1200,1600,1,1,3358933,270363,raw
image_0389.jpg,image_0389.jpeg,1200,1600,1,1,3446416,397120,raw
image_0390.jpg,image_0390.jpeg,1200,1600,1,1,3717514,422391,raw
image_0391.jpg,image_0391.jpeg,1200,1600,1,1,3212172,361402,raw
image_0392.jpg,image_0392.jpeg,1200,1600,1,1,3436691,393052,raw
image_0393.jpg,image_0393.jpeg,1200,1600,1,1,3181717,283269,raw
image_0394.jpg,image_0394.jpeg,1200,1600,1,1,2874150,285598,raw
image_0395.jpg,image_0395.jpeg,1200,1600,1,1,2945316,303859,raw
image_0396.jpg,image_0396.jpeg,1200,1600,1,1,2921584,289597,raw
image_0397.jpg,image_0397.jpeg,1200,1600,1,1,2899497,279027,raw
image_0398.jpg,image_0398.jpeg,1200,1600,1,1,3227085,281234,raw
image_0399.jpg,image_0399.jpeg,1200,1600,1,1,2895165,290270,raw
image_0400.jpg,image_0400.jpeg,1200,1600,1,1,2860399,284247,raw
image_0401.jpg,image_0401.jpeg,1200,1600,1,1,3201562,240991,raw
image_0402.jpg,image_0402.jpeg,1200,1600,1,1,3002207,236773,raw
image_0403.jpg,image_0403.jpeg,1200,1600,1,1,3335598,301726,raw
image_0404.jpg,image_0404.jpeg,1200,1600,1,1,3368362,305433,raw
image_0405.jpg,image_0405.jpeg,1200,1600,1,1,3232424,350825,raw
image_0406.jpg,image_0406.jpeg,1200,1600,1,1,3263931,357400,raw
image_0407.jpg,image_0407.jpeg,1200,1600,1,1,3046190,297154,raw
image_0408.jpg,image_0408.jpeg,1200,1600,1,1,3143883,310728,raw
image_0409.jpg,image_0409.jpeg,1200,1600,1,1,3483286,268133,raw
image_0410.jpg,image_0410.jpeg,1200,1600,1,1,3527952,270592,raw
image_0411.jpg,image_0411.jpeg,1200,1600,1,1,3102817,251012,raw
image_0412.jpg,image_0412.jpeg,1200,1600,1,1,3075254,253197,raw
image_0413.jpg,image_0413.jpeg,1200,1600,1,1,3196810,290185,raw
image_0414.jpg,image_0414.jpeg,1200,1600,1,1,3078749,271237,raw
image_0415.jpg,image_0415.jpeg,1200,1600,1,1,3713602,342465,raw
image_0416.jpg,image_0416.jpeg,1200,1600,1,1,3905412,344542,raw
image_0417.jpg,image_0417.jpeg,1200,1600,1,1,3520373,319314,raw
image_0418.jpg,image_0418.jpeg,1200,1600,1,1,3611579,323678,raw
image_0419.jpg,image_0419.jpeg,1200,1600,1,1,3605946,381836,raw
image_0420.jpg,image_0420.jpeg,1200,1600,1,1,3303504,373713,raw
image_0421.jpg,image_0421.jpeg,1200,1600,1,1,3107665,355774,raw
image_0422.jpg,image_0422.jpeg,1200,1600,1,1,3510630,354354,raw
image_0423.jpg,image_0423.jpeg,1200,1600,1,1,2857660,172479,raw
image_0424.jpg,image_0424.jpeg,1200,1600,1,1,2733475,179265,raw
image_0425.jpg,image_0425.jpeg,1200,1600,1,1,3412563,210538,raw
image_0426.jpg,image_0426.jpeg,1200,1600,1,1,3326235,206129,raw
image_0427.jpg,image_0427.jpeg,1200,1600,1,1,3240142,199478,raw
image_0428.jpg,image_0428.jpeg,1200,1600,1,1,3316951,207608,raw
image_0429.jpg,image_0429.jpeg,1200,1600,1,1,2378546,162049,raw
image_0430.jpg,image_0430.jpeg,1200,1600,1,1,2362492,162385,raw
image_0431.jpg,image_0431.jpeg,1200,1600,1,1,3327191,263886,raw
image_0432.jpg,image_0432.jpeg,1200,1600,1,1,3431733,277288,raw
image_0433.jpg,image_0433.jpeg,1200,1600,1,1,3168688,357510,raw
image_0434.jpg,image_0434.jpeg,1200,1600,1,1,3551521,384783,raw
image_0435.jpg,image_0435.jpeg,1200,1600,1,1,3449504,261131,raw
image_0436.jpg,image_0436.jpeg,1200,1600,1,1,3500518,254535,raw
image_0437.jpg,image_0437.jpeg,1200,1600,1,1,3191796,232374,raw
image_0438.jpg,image_0438.jpeg,1200,1600,1,1,3227704,238861,raw
image_0439.jpg,image_0439.jpeg,1200,1600,1,1,3457045,357260,raw
image_0440.jpg,image_0440.jpeg,1200,1600,1,1,3461970,341160,raw
image_0441.jpg,image_0441.jpeg,1200,1600,1,1,3170274,260729,raw
image_0442.jpg,image_0442.jpeg,1200,1600,1,1,3745527,281612,raw
image_0443.jpg,image_0443.jpeg,1200,1600,1,1,3190719,246919,raw
image_0444.jpg,image_0444.jpeg,1200,1600,1,1,3380499,278238,raw
image_0445.jpg,image_0445.jpeg,1200,1600,1,1,3018650,244476,raw
image_0446.jpg,image_0446.jpeg,1200,1600,1,1,3084709,262616,raw
image_0447.jpg,image_0447.jpeg,1200,1600,1,1,3369025,330268,raw
image_0448.jpg,image_0448.jpeg,1200,1600,1,1,3378472,321874,raw
image_0449.jpg,image_0449.jpeg,1200,1600,1,1,3456939,323887,raw
image_0450.jpg,image_0450.jpeg,1200,1600,1,1,3313349,306352,raw
image_0451.jpg,image_0451.jpeg,1200,1600,1,1,3008553,297605,raw
image_0452.jpg,image_0452.jpeg,1200,1600,1,1,3005953,270978,raw
image_0453.jpg,image_0453.jpeg,1200,1600,1,1,3249036,312706,raw
image_0454.jpg,image_0454.jpeg,1200,1600,1,1,3079308,289039,raw
image_0455.jpg,image_0455.jpeg,1200,1600,1,1,3448510,316555,raw
image_0456.jpg,image_0456.jpeg,1200,1600,1,1,3327871,282113,raw
image_0457.jpg,image_0457.jpeg,1200,1600,1,1,2964328,302412,raw
image_0458.jpg,image_0458.jpeg,1200,1600,1,1,3379627,310261,raw
image_0459.jpg,image_0459.jpeg,1200,1600,1,1,3554030,351551,raw
image_0460.jpg,image_0460.jpeg,1200,1600,1,1,3503388,352289,raw
image_0461.jpg,image_0461.jpeg,1200,1600,1,1,3253930,365257,raw
image_0462.jpg,image_0462.jpeg,1200,1600,1,1,3401544,342670,raw
image_0463.jpg,image_0463.jpeg,1200,1600,1,1,3198587,354941,raw
image_0464.jpg,image_0464.jpeg,1200,1600,1,1,3506723,346405,raw
image_0465.jpg,image_0465.jpeg,1200,1600,1,1,3073474,315121,raw
image_0466.jpg,image_0466.jpeg,1200,1600,1,1,3492811,316520,raw
image_0467.jpg,image_0467.jpeg,1200,1600,1,1,3536856,367182,raw
image_0468.jpg,image_0468.jpeg,1200,1600,1,1,3706287,360445,raw
image_0469.jpg,image_0469.jpeg,1200,1600,1,1,3170271,342217,raw
image_0470.jpg,image_0470.jpeg,1200,1600,1,1,3514923,322932,raw
image_0471.jpg,image_0471.jpeg,1200,1600,1,1,3451322,362592,raw
image_0472.jpg,image_0472.jpeg,1200,1600,1,1,3570822,334991,raw
image_0473.jpg,image_0473.jpeg,1200,1600,1,1,2952411,207217,raw
image_0474.jpg,image_0474.jpeg,1200,1600,1,1,3111143,232482,raw
image_0475.jpg,image_0475.jpeg,1200,1600,1,1,3014114,255726,raw
image_0476.jpg,image_0476.jpeg,1200,1600,1,1,3298924,278751,raw
image_0477.jpg,image_0477.jpeg,1200,1600,1,1,3557281,283502,raw
image_0478.jpg,image_0478.jpeg,1200,1600,1,1,3268895,272895,raw
image_0479.jpg,image_0479.jpeg,1200,1600,1,1,3093995,249610,raw
image_0480.jpg,image_0480.jpeg,1200,1600,1,1,3290452,258550,raw
image_0481.jpg,image_0481.jpeg,1200,1600,1,1,2713431,201044,raw
image_0482.jpg,image_0482.jpeg,1200,1600,1,1,2969785,242399,raw
image_0483.jpg,image_0483.jpeg,1200,1600,1,1,3505483,316287,raw
image_0484.jpg,image_0484.jpeg,1200,1600,1,1,3126123,307833,raw
image_0485.jpg,image_0485.jpeg,1200,1600,1,1,2990737,241775,raw
image_0486.jpg,image_0486.jpeg,1200,1600,1,1,3007495,242885,raw
image_0487.jpg,image_0487.jpeg,1200,1600,1,1,2989245,240122,raw
image_0488.jpg,image_0488.jpeg,1200,1600,1,1,2861887,247704,raw
image_0489.jpg,image_0489.jpeg,1200,1600,1,1,2887547,249474,raw
image_0490.jpg,image_0490.jpeg,1200,1600,1,1,2946452,255315,raw
image_0491.jpg,image_0491.jpeg,1200,1600,1,1,2744766,233983,raw
image_0492.jpg,image_0492.jpeg,1200,1600,1,1,2837715,235147,raw
image_0493.jpg,image_0493.jpeg,1200,1600,1,1,2907824,238573,raw
image_0494.jpg,image_0494.jpeg,1200,1600,1,1,2923776,233717,raw
image_0495.jpg,image_0495.jpeg,1200,1600,1,1,2891970,236481,raw
image_0496.jpg,image_0496.jpeg,1200,1600,1,1,2888155,241557,raw
image_0497.jpg,image_0497.jpeg,1200,1600,1,1,2695426,225225,raw
image_0498.jpg,image_0498.jpeg,1200,1600,1,1,2824220,241587,raw
image_0499.jpg,image_0499.jpeg,1200,1600,1,1,2949545,219781,raw
image_0500.jpg,image_0500.jpeg,1200,1600,1,1,2886909,221913,raw
