filename,source,source_type,source_index,source_filename,parent_filename,parent_source_index,product_group,sampling_group,sampling_bucket,is_augmented,augmentation_transform,orientation_correction_angle_ccw,split
images/image_0001.jpeg,new_date_real,real_photo,0,KakaoTalk_260915_021729_01.jpeg,KakaoTalk_260915_021729_01.jpeg,0,new_date_pg_000,new_date_pg_000,new_real_photo,0,none,270,train
images/image_0002.jpeg,new_date_real,real_photo,1,KakaoTalk_260915_021729_11.jpeg,KakaoTalk_260915_021729_11.jpeg,1,new_date_pg_001,new_date_pg_001,new_real_photo,0,none,270,train
images/image_0003.jpeg,new_date_real,real_photo,2,KakaoTalk_260915_021729_21.jpeg,KakaoTalk_260915_021729_21.jpeg,2,new_date_pg_002,new_date_pg_002,new_real_photo,0,none,270,train
images/image_0004.jpeg,new_date_real,real_photo,3,KakaoTalk_260915_021729_31.jpeg,KakaoTalk_260915_021729_31.jpeg,3,new_date_pg_003,new_date_pg_003,new_real_photo,0,none,270,train
images/image_0005.jpeg,new_date_real,real_photo,4,KakaoTalk_260915_021729_41.jpeg,KakaoTalk_260915_021729_41.jpeg,4,new_date_pg_004,new_date_pg_004,new_real_photo,0,none,270,train
images/image_0006.jpeg,new_date_real,real_photo,5,KakaoTalk_260915_021729_51.jpeg,KakaoTalk_260915_021729_51.jpeg,5,new_date_pg_005,new_date_pg_005,new_real_photo,0,none,270,train
images/image_0007.jpeg,new_date_real,real_photo,6,KakaoTalk_260915_021730_61.jpeg,KakaoTalk_260915_021730_61.jpeg,6,new_date_pg_006,new_date_pg_006,new_real_photo,0,none,270,train
images/image_0008.jpeg,new_date_real,real_photo,7,KakaoTalk_260915_021730_71.jpeg,KakaoTalk_260915_021730_71.jpeg,7,new_date_pg_007,new_date_pg_007,new_real_photo,0,none,270,train
images/image_0009.jpeg,new_date_real,real_photo,8,KakaoTalk_260915_021730_81.jpeg,KakaoTalk_260915_021730_81.jpeg,8,new_date_pg_008,new_date_pg_008,new_real_photo,0,none,270,train
images/image_0010.jpeg,new_date_real,real_photo,9,KakaoTalk_260915_021730_91.jpeg,KakaoTalk_260915_021730_91.jpeg,9,new_date_pg_009,new_date_pg_009,new_real_photo,0,none,270,train
images/image_0011.jpeg,new_date_real,real_photo,10,KakaoTalk_260915_021731_101.jpeg,KakaoTalk_260915_021731_101.jpeg,10,new_date_pg_010,new_date_pg_010,new_real_photo,0,none,270,train
images/image_0012.jpeg,new_date_real,real_photo,11,KakaoTalk_260915_021731_111.jpeg,KakaoTalk_260915_021731_111.jpeg,11,new_date_pg_011,new_date_pg_011,new_real_photo,0,none,270,train
images/image_0013.jpeg,new_date_real,real_photo,12,KakaoTalk_260915_021731_121.jpeg,KakaoTalk_260915_021731_121.jpeg,12,new_date_pg_012,new_date_pg_012,new_real_photo,0,none,270,train
images/image_0014.jpeg,new_date_real,real_photo,13,KakaoTalk_260915_021731_131.jpeg,KakaoTalk_260915_021731_131.jpeg,13,new_date_pg_013,new_date_pg_013,new_real_photo,0,none,270,train
images/image_0015.jpeg,new_date_real,real_photo,14,KakaoTalk_260915_021731_141.jpeg,KakaoTalk_260915_021731_141.jpeg,14,new_date_pg_014,new_date_pg_014,new_real_photo,0,none,270,train
images/image_0016.jpeg,new_date_real,real_photo,15,KakaoTalk_260915_021732_151.jpeg,KakaoTalk_260915_021732_151.jpeg,15,new_date_pg_015,new_date_pg_015,new_real_photo,0,none,270,train
images/image_0017.jpeg,new_date_real,real_photo,16,KakaoTalk_260915_021732_161.jpeg,KakaoTalk_260915_021732_161.jpeg,16,new_date_pg_016,new_date_pg_016,new_real_photo,0,none,270,train
images/image_0018.jpeg,new_date_real,real_photo,17,KakaoTalk_260915_021732_171.jpeg,KakaoTalk_260915_021732_171.jpeg,17,new_date_pg_017,new_date_pg_017,new_real_photo,0,none,270,train
images/image_0019.jpeg,new_date_real,real_photo,18,KakaoTalk_260915_021732_181.jpeg,KakaoTalk_260915_021732_181.jpeg,18,new_date_pg_018,new_date_pg_018,new_real_photo,0,none,270,train
images/image_0020.jpeg,new_date_real,real_photo,19,KakaoTalk_260915_021733_191.jpeg,KakaoTalk_260915_021733_191.jpeg,19,new_date_pg_019,new_date_pg_019,new_real_photo,0,none,270,train
images/image_0021.jpeg,new_date_real,real_photo,20,KakaoTalk_260915_021733_201.jpeg,KakaoTalk_260915_021733_201.jpeg,20,new_date_pg_020,new_date_pg_020,new_real_photo,0,none,270,train
images/image_0022.jpeg,new_date_real,real_photo,21,KakaoTalk_260915_021733_211.jpeg,KakaoTalk_260915_021733_211.jpeg,21,new_date_pg_021,new_date_pg_021,new_real_photo,0,none,270,train
images/image_0023.jpeg,new_date_real,real_photo,22,KakaoTalk_260915_021733_221.jpeg,KakaoTalk_260915_021733_221.jpeg,22,new_date_pg_022,new_date_pg_022,new_real_photo,0,none,270,train
images/image_0024.jpeg,new_date_real,real_photo,23,KakaoTalk_260915_021733_231.jpeg,KakaoTalk_260915_021733_231.jpeg,23,new_date_pg_023,new_date_pg_023,new_real_photo,0,none,270,train
images/image_0025.jpeg,new_date_real,real_photo,24,KakaoTalk_260915_021734_241.jpeg,KakaoTalk_260915_021734_241.jpeg,24,new_date_pg_024,new_date_pg_024,new_real_photo,0,none,270,train
images/image_0026.jpeg,new_date_real,real_photo,25,KakaoTalk_260915_021734_251.jpeg,KakaoTalk_260915_021734_251.jpeg,25,new_date_pg_025,new_date_pg_025,new_real_photo,0,none,270,train
images/image_0027.jpeg,new_date_real,real_photo,26,KakaoTalk_260915_021734_261.jpeg,KakaoTalk_260915_021734_261.jpeg,26,new_date_pg_026,new_date_pg_026,new_real_photo,0,none,270,train
images/image_0028.jpeg,new_date_real,real_photo,27,KakaoTalk_260915_021734_271.jpeg,KakaoTalk_260915_021734_271.jpeg,27,new_date_pg_027,new_date_pg_027,new_real_photo,0,none,270,train
images/image_0029.jpeg,new_date_real,real_photo,28,KakaoTalk_260915_021735_281.jpeg,KakaoTalk_260915_021735_281.jpeg,28,new_date_pg_028,new_date_pg_028,new_real_photo,0,none,270,train
images/image_0030.jpeg,new_date_real,real_photo,29,KakaoTalk_260915_021735_291.jpeg,KakaoTalk_260915_021735_291.jpeg,29,new_date_pg_029,new_date_pg_029,new_real_photo,0,none,270,train
images/image_0031.jpeg,new_date_real,real_photo,30,KakaoTalk_260915_021755_01.jpeg,KakaoTalk_260915_021755_01.jpeg,30,new_date_pg_030,new_date_pg_030,new_real_photo,0,none,270,train
images/image_0032.jpeg,new_date_real,real_photo,31,KakaoTalk_260915_021755_11.jpeg,KakaoTalk_260915_021755_11.jpeg,31,new_date_pg_031,new_date_pg_031,new_real_photo,0,none,270,train
images/image_0033.jpeg,new_date_real,real_photo,32,KakaoTalk_260915_021756_21.jpeg,KakaoTalk_260915_021756_21.jpeg,32,new_date_pg_032,new_date_pg_032,new_real_photo,0,none,270,train
images/image_0034.jpeg,new_date_real,real_photo,33,KakaoTalk_260915_021756_31.jpeg,KakaoTalk_260915_021756_31.jpeg,33,new_date_pg_033,new_date_pg_033,new_real_photo,0,none,270,train
images/image_0035.jpeg,new_date_real,real_photo,34,KakaoTalk_260915_021756_41.jpeg,KakaoTalk_260915_021756_41.jpeg,34,new_date_pg_034,new_date_pg_034,new_real_photo,0,none,270,train
images/image_0036.jpeg,new_date_real,real_photo,35,KakaoTalk_260915_021757_51.jpeg,KakaoTalk_260915_021757_51.jpeg,35,new_date_pg_035,new_date_pg_035,new_real_photo,0,none,270,train
images/image_0037.jpeg,new_date_real,real_photo,36,KakaoTalk_260915_021757_61.jpeg,KakaoTalk_260915_021757_61.jpeg,36,new_date_pg_036,new_date_pg_036,new_real_photo,0,none,270,train
images/image_0038.jpeg,new_date_real,real_photo,37,KakaoTalk_260915_021757_71.jpeg,KakaoTalk_260915_021757_71.jpeg,37,new_date_pg_037,new_date_pg_037,new_real_photo,0,none,270,train
images/image_0039.jpeg,new_date_real,real_photo,38,KakaoTalk_260915_021758_101.jpeg,KakaoTalk_260915_021758_101.jpeg,38,new_date_pg_038,new_date_pg_038,new_real_photo,0,none,270,train
images/image_0040.jpeg,new_date_real,real_photo,39,KakaoTalk_260915_021758_111.jpeg,KakaoTalk_260915_021758_111.jpeg,39,new_date_pg_039,new_date_pg_039,new_real_photo,0,none,270,train
images/image_0041.jpeg,new_date_real,real_photo,40,KakaoTalk_260915_021758_81.jpeg,KakaoTalk_260915_021758_81.jpeg,40,new_date_pg_040,new_date_pg_040,new_real_photo,0,none,270,train
images/image_0042.jpeg,new_date_real,real_photo,41,KakaoTalk_260915_021758_91.jpeg,KakaoTalk_260915_021758_91.jpeg,41,new_date_pg_041,new_date_pg_041,new_real_photo,0,none,270,train
images/image_0043.jpeg,new_date_real,real_photo,42,KakaoTalk_260915_021759_121.jpeg,KakaoTalk_260915_021759_121.jpeg,42,new_date_pg_042,new_date_pg_042,new_real_photo,0,none,270,train
images/image_0044.jpeg,new_date_real,real_photo,43,KakaoTalk_260915_021759_131.jpeg,KakaoTalk_260915_021759_131.jpeg,43,new_date_pg_043,new_date_pg_043,new_real_photo,0,none,270,train
images/image_0045.jpeg,new_date_real,real_photo,44,KakaoTalk_260915_021759_141.jpeg,KakaoTalk_260915_021759_141.jpeg,44,new_date_pg_044,new_date_pg_044,new_real_photo,0,none,270,train
images/image_0046.jpeg,new_date_real,real_photo,45,KakaoTalk_260915_021759_151.jpeg,KakaoTalk_260915_021759_151.jpeg,45,new_date_pg_045,new_date_pg_045,new_real_photo,0,none,270,train
images/image_0047.jpeg,new_date_real,real_photo,46,KakaoTalk_260915_021834_01.jpeg,KakaoTalk_260915_021834_01.jpeg,46,new_date_pg_046,new_date_pg_046,new_real_photo,0,none,270,train
images/image_0048.jpeg,new_date_real,real_photo,47,KakaoTalk_260915_021834_11.jpeg,KakaoTalk_260915_021834_11.jpeg,47,new_date_pg_047,new_date_pg_047,new_real_photo,0,none,270,train
images/image_0049.jpeg,new_date_real,real_photo,48,KakaoTalk_260915_021835_21.jpeg,KakaoTalk_260915_021835_21.jpeg,48,new_date_pg_048,new_date_pg_048,new_real_photo,0,none,270,train
images/image_0050.jpeg,new_date_real,real_photo,49,KakaoTalk_260915_021835_31.jpeg,KakaoTalk_260915_021835_31.jpeg,49,new_date_pg_049,new_date_pg_049,new_real_photo,0,none,270,train
images/image_0051.jpeg,new_date_real,real_photo,50,KakaoTalk_260915_021835_41.jpeg,KakaoTalk_260915_021835_41.jpeg,50,new_date_pg_050,new_date_pg_050,new_real_photo,0,none,270,train
images/image_0052.jpeg,new_date_real,real_photo,51,KakaoTalk_260915_021835_51.jpeg,KakaoTalk_260915_021835_51.jpeg,51,new_date_pg_051,new_date_pg_051,new_real_photo,0,none,270,train
images/image_0053.jpeg,new_date_real,real_photo,52,KakaoTalk_260915_021835_61.jpeg,KakaoTalk_260915_021835_61.jpeg,52,new_date_pg_052,new_date_pg_052,new_real_photo,0,none,270,train
images/image_0054.jpeg,new_date_real,real_photo,53,KakaoTalk_260915_021836_101.jpeg,KakaoTalk_260915_021836_101.jpeg,53,new_date_pg_053,new_date_pg_053,new_real_photo,0,none,270,train
images/image_0055.jpeg,new_date_real,real_photo,54,KakaoTalk_260915_021836_71.jpeg,KakaoTalk_260915_021836_71.jpeg,54,new_date_pg_054,new_date_pg_054,new_real_photo,0,none,270,train
images/image_0056.jpeg,new_date_real,real_photo,55,KakaoTalk_260915_021836_81.jpeg,KakaoTalk_260915_021836_81.jpeg,55,new_date_pg_055,new_date_pg_055,new_real_photo,0,none,270,train
images/image_0057.jpeg,new_date_real,real_photo,56,KakaoTalk_260915_021836_91.jpeg,KakaoTalk_260915_021836_91.jpeg,56,new_date_pg_056,new_date_pg_056,new_real_photo,0,none,270,train
images/image_0058.jpeg,new_date_real,real_photo,57,KakaoTalk_260915_021837_111.jpeg,KakaoTalk_260915_021837_111.jpeg,57,new_date_pg_057,new_date_pg_057,new_real_photo,0,none,270,train
images/image_0059.jpeg,new_date_real,real_photo,58,KakaoTalk_260915_021837_121.jpeg,KakaoTalk_260915_021837_121.jpeg,58,new_date_pg_058,new_date_pg_058,new_real_photo,0,none,270,train
images/image_0060.jpeg,new_date_real,real_photo,59,KakaoTalk_260915_021837_131.jpeg,KakaoTalk_260915_021837_131.jpeg,59,new_date_pg_059,new_date_pg_059,new_real_photo,0,none,270,train
images/image_0061.jpeg,new_date_real,real_photo,60,KakaoTalk_260915_021837_141.jpeg,KakaoTalk_260915_021837_141.jpeg,60,new_date_pg_060,new_date_pg_060,new_real_photo,0,none,270,train
images/image_0062.jpeg,new_date_real,real_photo,61,KakaoTalk_260915_021837_151.jpeg,KakaoTalk_260915_021837_151.jpeg,61,new_date_pg_061,new_date_pg_061,new_real_photo,0,none,270,train
images/image_0063.jpeg,new_date_real,real_photo,62,KakaoTalk_260915_021838_161.jpeg,KakaoTalk_260915_021838_161.jpeg,62,new_date_pg_062,new_date_pg_062,new_real_photo,0,none,270,train
images/image_0064.jpeg,new_date_real,real_photo,63,KakaoTalk_260915_021838_171.jpeg,KakaoTalk_260915_021838_171.jpeg,63,new_date_pg_063,new_date_pg_063,new_real_photo,0,none,270,train
images/image_0065.jpeg,new_date_real,real_photo,64,KakaoTalk_260915_021838_181.jpeg,KakaoTalk_260915_021838_181.jpeg,64,new_date_pg_064,new_date_pg_064,new_real_photo,0,none,270,train
images/image_0066.jpeg,new_date_real,real_photo,65,KakaoTalk_260915_021838_191.jpeg,KakaoTalk_260915_021838_191.jpeg,65,new_date_pg_065,new_date_pg_065,new_real_photo,0,none,270,train
images/image_0067.jpeg,new_date_real,real_photo,66,KakaoTalk_260915_021839_201.jpeg,KakaoTalk_260915_021839_201.jpeg,66,new_date_pg_066,new_date_pg_066,new_real_photo,0,none,90,train
images/image_0068.jpeg,new_date_real,real_photo,67,KakaoTalk_260915_021839_211.jpeg,KakaoTalk_260915_021839_211.jpeg,67,new_date_pg_067,new_date_pg_067,new_real_photo,0,none,270,train
images/image_0069.jpeg,new_date_real,real_photo,68,KakaoTalk_260915_021839_221.jpeg,KakaoTalk_260915_021839_221.jpeg,68,new_date_pg_068,new_date_pg_068,new_real_photo,0,none,270,train
images/image_0070.jpeg,new_date_real,real_photo,69,KakaoTalk_260915_021840_231.jpeg,KakaoTalk_260915_021840_231.jpeg,69,new_date_pg_069,new_date_pg_069,new_real_photo,0,none,270,train
images/image_0071.jpeg,new_date_real,real_photo,70,KakaoTalk_260915_021840_241.jpeg,KakaoTalk_260915_021840_241.jpeg,70,new_date_pg_070,new_date_pg_070,new_real_photo,0,none,270,train
images/image_0072.jpeg,new_date_real,real_photo,71,KakaoTalk_260915_021840_251.jpeg,KakaoTalk_260915_021840_251.jpeg,71,new_date_pg_071,new_date_pg_071,new_real_photo,0,none,270,train
images/image_0073.jpeg,new_date_real,real_photo,72,KakaoTalk_260915_021841_261.jpeg,KakaoTalk_260915_021841_261.jpeg,72,new_date_pg_072,new_date_pg_072,new_real_photo,0,none,270,train
images/image_0074.jpeg,new_date_real,real_photo,73,KakaoTalk_260915_021841_271.jpeg,KakaoTalk_260915_021841_271.jpeg,73,new_date_pg_073,new_date_pg_073,new_real_photo,0,none,270,train
images/image_0075.jpeg,new_date_real,real_photo,74,KakaoTalk_260915_021841_281.jpeg,KakaoTalk_260915_021841_281.jpeg,74,new_date_pg_074,new_date_pg_074,new_real_photo,0,none,270,train
images/image_0076.jpeg,new_date_real,real_photo,75,KakaoTalk_260915_021841_291.jpeg,KakaoTalk_260915_021841_291.jpeg,75,new_date_pg_075,new_date_pg_075,new_real_photo,0,none,270,train
images/image_0077.jpeg,new_date_real,real_photo,76,KakaoTalk_Photo_2026-09-15-03-47-01 001.jpeg,KakaoTalk_Photo_2026-09-15-03-47-01 001.jpeg,76,new_date_pg_076,new_date_pg_076,new_real_photo,0,none,180,train
images/image_0078.jpeg,new_date_real,real_photo,77,KakaoTalk_Photo_2026-09-15-03-47-01 002.jpeg,KakaoTalk_Photo_2026-09-15-03-47-01 002.jpeg,77,new_date_pg_077,new_date_pg_077,new_real_photo,0,none,0,train
images/image_0079.jpeg,new_date_real,real_photo,78,KakaoTalk_Photo_2026-09-15-03-47-01 003.jpeg,KakaoTalk_Photo_2026-09-15-03-47-01 003.jpeg,78,new_date_pg_078,new_date_pg_078,new_real_photo,0,none,0,train
images/image_0080.jpeg,new_date_real,real_photo,79,KakaoTalk_Photo_2026-09-15-03-47-01 004.jpeg,KakaoTalk_Photo_2026-09-15-03-47-01 004.jpeg,79,new_date_pg_079,new_date_pg_079,new_real_photo,0,none,0,train
images/image_0081.jpeg,new_date_real,real_photo,80,KakaoTalk_Photo_2026-09-15-03-47-01 005.jpeg,KakaoTalk_Photo_2026-09-15-03-47-01 005.jpeg,80,new_date_pg_080,new_date_pg_080,new_real_photo,0,none,0,train
images/image_0082.jpeg,new_date_real,real_photo,81,KakaoTalk_Photo_2026-09-15-03-47-01 006.jpeg,KakaoTalk_Photo_2026-09-15-03-47-01 006.jpeg,81,new_date_pg_081,new_date_pg_081,new_real_photo,0,none,0,train
images/image_0083.jpeg,new_date_real,real_photo,82,KakaoTalk_Photo_2026-09-15-03-47-01 007.jpeg,KakaoTalk_Photo_2026-09-15-03-47-01 007.jpeg,82,new_date_pg_082,new_date_pg_082,new_real_photo,0,none,0,train
images/image_0084.jpeg,new_date_real,real_photo,83,KakaoTalk_Photo_2026-09-15-03-47-01 008.jpeg,KakaoTalk_Photo_2026-09-15-03-47-01 008.jpeg,83,new_date_pg_083,new_date_pg_083,new_real_photo,0,none,0,train
images/image_0085.jpeg,new_date_real,real_photo,84,KakaoTalk_Photo_2026-09-15-03-47-02 009.jpeg,KakaoTalk_Photo_2026-09-15-03-47-02 009.jpeg,84,new_date_pg_084,new_date_pg_084,new_real_photo,0,none,0,train
images/image_0086.jpeg,new_date_real,real_photo,85,KakaoTalk_Photo_2026-09-15-03-47-02 010.jpeg,KakaoTalk_Photo_2026-09-15-03-47-02 010.jpeg,85,new_date_pg_085,new_date_pg_085,new_real_photo,0,none,0,train
images/image_0087.jpeg,new_date_real,real_photo,86,KakaoTalk_Photo_2026-09-15-03-47-03 011.jpeg,KakaoTalk_Photo_2026-09-15-03-47-03 011.jpeg,86,new_date_pg_086,new_date_pg_086,new_real_photo,0,none,0,train
images/image_0088.jpeg,new_date_real,real_photo,87,KakaoTalk_Photo_2026-09-15-03-47-03 012.jpeg,KakaoTalk_Photo_2026-09-15-03-47-03 012.jpeg,87,new_date_pg_087,new_date_pg_087,new_real_photo,0,none,0,train
images/image_0089.jpeg,new_date_real,real_photo,88,KakaoTalk_Photo_2026-09-15-03-47-04 013.jpeg,KakaoTalk_Photo_2026-09-15-03-47-04 013.jpeg,88,new_date_pg_088,new_date_pg_088,new_real_photo,0,none,0,train
images/image_0090.jpeg,new_date_real,real_photo,89,KakaoTalk_Photo_2026-09-15-03-47-04 014.jpeg,KakaoTalk_Photo_2026-09-15-03-47-04 014.jpeg,89,new_date_pg_089,new_date_pg_089,new_real_photo,0,none,0,train
images/image_0091.jpeg,new_date_real,real_photo,90,KakaoTalk_Photo_2026-09-15-03-47-05 015.jpeg,KakaoTalk_Photo_2026-09-15-03-47-05 015.jpeg,90,new_date_pg_090,new_date_pg_090,new_real_photo,0,none,0,train
images/image_0092.jpeg,new_date_real,real_photo,91,KakaoTalk_Photo_2026-09-15-03-47-05 016.jpeg,KakaoTalk_Photo_2026-09-15-03-47-05 016.jpeg,91,new_date_pg_091,new_date_pg_091,new_real_photo,0,none,270,train
images/image_0093.jpeg,new_date_real,real_photo,92,KakaoTalk_Photo_2026-09-15-03-47-06 017.jpeg,KakaoTalk_Photo_2026-09-15-03-47-06 017.jpeg,92,new_date_pg_092,new_date_pg_092,new_real_photo,0,none,270,train
images/image_0094.jpeg,new_date_real,real_photo,93,KakaoTalk_Photo_2026-09-15-03-47-07 018.jpeg,KakaoTalk_Photo_2026-09-15-03-47-07 018.jpeg,93,new_date_pg_093,new_date_pg_093,new_real_photo,0,none,0,train
images/image_0095.jpeg,new_date_real,real_photo,94,KakaoTalk_Photo_2026-09-15-03-47-07 019.jpeg,KakaoTalk_Photo_2026-09-15-03-47-07 019.jpeg,94,new_date_pg_094,new_date_pg_094,new_real_photo,0,none,0,train
images/image_0096.jpeg,new_date_real,real_photo,95,KakaoTalk_Photo_2026-09-15-03-47-08 020.jpeg,KakaoTalk_Photo_2026-09-15-03-47-08 020.jpeg,95,new_date_pg_095,new_date_pg_095,new_real_photo,0,none,0,train
images/image_0097.jpeg,new_date_real,real_photo,96,KakaoTalk_Photo_2026-09-15-03-47-09 021.jpeg,KakaoTalk_Photo_2026-09-15-03-47-09 021.jpeg,96,new_date_pg_096,new_date_pg_096,new_real_photo,0,none,0,train
images/image_0098.jpeg,new_date_real,real_photo,97,KakaoTalk_Photo_2026-09-15-03-47-09 022.jpeg,KakaoTalk_Photo_2026-09-15-03-47-09 022.jpeg,97,new_date_pg_097,new_date_pg_097,new_real_photo,0,none,270,train
images/image_0099.jpeg,new_date_real,real_photo,98,KakaoTalk_Photo_2026-09-15-03-47-10 023.jpeg,KakaoTalk_Photo_2026-09-15-03-47-10 023.jpeg,98,new_date_pg_098,new_date_pg_098,new_real_photo,0,none,270,train
images/image_0100.jpeg,new_date_real,real_photo,99,KakaoTalk_Photo_2026-09-15-03-47-10 024.jpeg,KakaoTalk_Photo_2026-09-15-03-47-10 024.jpeg,99,new_date_pg_099,new_date_pg_099,new_real_photo,0,none,0,train
images/image_0101.jpeg,new_date_real,real_photo,100,KakaoTalk_Photo_2026-09-15-03-47-11 025.jpeg,KakaoTalk_Photo_2026-09-15-03-47-11 025.jpeg,100,new_date_pg_100,new_date_pg_100,new_real_photo,0,none,0,train
images/image_0102.jpeg,new_date_real,real_photo,101,KakaoTalk_Photo_2026-09-15-03-47-11 026.jpeg,KakaoTalk_Photo_2026-09-15-03-47-11 026.jpeg,101,new_date_pg_101,new_date_pg_101,new_real_photo,0,none,270,train
images/image_0103.jpeg,new_date_real,real_photo,102,KakaoTalk_Photo_2026-09-15-03-47-12 027.jpeg,KakaoTalk_Photo_2026-09-15-03-47-12 027.jpeg,102,new_date_pg_102,new_date_pg_102,new_real_photo,0,none,270,train
images/image_0104.jpeg,new_date_real,real_photo,103,KakaoTalk_Photo_2026-09-15-03-47-13 028.jpeg,KakaoTalk_Photo_2026-09-15-03-47-13 028.jpeg,103,new_date_pg_103,new_date_pg_103,new_real_photo,0,none,0,train
images/image_0105.jpeg,new_date_real,real_photo,104,KakaoTalk_Photo_2026-09-15-03-47-13 029.jpeg,KakaoTalk_Photo_2026-09-15-03-47-13 029.jpeg,104,new_date_pg_104,new_date_pg_104,new_real_photo,0,none,270,train
images/image_0106.jpeg,new_date_real,real_photo,105,KakaoTalk_Photo_2026-09-15-03-47-14 030.jpeg,KakaoTalk_Photo_2026-09-15-03-47-14 030.jpeg,105,new_date_pg_105,new_date_pg_105,new_real_photo,0,none,270,train
images/image_0107.jpeg,new_date_real,real_photo,106,KakaoTalk_Photo_2026-09-15-03-47-57 001.jpeg,KakaoTalk_Photo_2026-09-15-03-47-57 001.jpeg,106,new_date_pg_106,new_date_pg_106,new_real_photo,0,none,270,train
images/image_0108.jpeg,new_date_real,real_photo,107,KakaoTalk_Photo_2026-09-15-03-47-57 002.jpeg,KakaoTalk_Photo_2026-09-15-03-47-57 002.jpeg,107,new_date_pg_107,new_date_pg_107,new_real_photo,0,none,270,train
images/image_0109.jpeg,new_date_real,real_photo,108,KakaoTalk_Photo_2026-09-15-03-47-57 003.jpeg,KakaoTalk_Photo_2026-09-15-03-47-57 003.jpeg,108,new_date_pg_108,new_date_pg_108,new_real_photo,0,none,270,train
images/image_0110.jpeg,new_date_real,real_photo,109,KakaoTalk_Photo_2026-09-15-03-47-58 004.jpeg,KakaoTalk_Photo_2026-09-15-03-47-58 004.jpeg,109,new_date_pg_109,new_date_pg_109,new_real_photo,0,none,270,train
images/image_0111.jpeg,new_date_real,real_photo,110,KakaoTalk_Photo_2026-09-15-03-47-59 005.jpeg,KakaoTalk_Photo_2026-09-15-03-47-59 005.jpeg,110,new_date_pg_110,new_date_pg_110,new_real_photo,0,none,270,train
images/image_0112.jpeg,new_date_real,real_photo,111,KakaoTalk_Photo_2026-09-15-03-47-59 006.jpeg,KakaoTalk_Photo_2026-09-15-03-47-59 006.jpeg,111,new_date_pg_111,new_date_pg_111,new_real_photo,0,none,270,train
images/image_0113.jpeg,new_date_real,real_photo,112,KakaoTalk_Photo_2026-09-15-03-48-00 007.jpeg,KakaoTalk_Photo_2026-09-15-03-48-00 007.jpeg,112,new_date_pg_112,new_date_pg_112,new_real_photo,0,none,0,train
images/image_0114.jpeg,new_date_real,real_photo,113,KakaoTalk_Photo_2026-09-15-03-48-00 008.jpeg,KakaoTalk_Photo_2026-09-15-03-48-00 008.jpeg,113,new_date_pg_113,new_date_pg_113,new_real_photo,0,none,0,train
images/image_0115.jpeg,new_date_real,real_photo,114,KakaoTalk_Photo_2026-09-15-03-48-01 009.jpeg,KakaoTalk_Photo_2026-09-15-03-48-01 009.jpeg,114,new_date_pg_114,new_date_pg_114,new_real_photo,0,none,0,train
images/image_0116.jpeg,new_date_real,real_photo,115,KakaoTalk_Photo_2026-09-15-03-48-02 010.jpeg,KakaoTalk_Photo_2026-09-15-03-48-02 010.jpeg,115,new_date_pg_115,new_date_pg_115,new_real_photo,0,none,270,train
images/image_0117.jpeg,new_date_real,real_photo,116,KakaoTalk_Photo_2026-09-15-03-48-02 011.jpeg,KakaoTalk_Photo_2026-09-15-03-48-02 011.jpeg,116,new_date_pg_116,new_date_pg_116,new_real_photo,0,none,270,train
images/image_0118.jpeg,new_date_real,real_photo,117,KakaoTalk_Photo_2026-09-15-03-48-03 012.jpeg,KakaoTalk_Photo_2026-09-15-03-48-03 012.jpeg,117,new_date_pg_117,new_date_pg_117,new_real_photo,0,none,270,train
images/image_0119.jpeg,new_date_real,real_photo,118,KakaoTalk_Photo_2026-09-15-03-48-04 013.jpeg,KakaoTalk_Photo_2026-09-15-03-48-04 013.jpeg,118,new_date_pg_118,new_date_pg_118,new_real_photo,0,none,270,train
images/image_0120.jpeg,new_date_real,real_photo,119,KakaoTalk_Photo_2026-09-15-03-48-04 014.jpeg,KakaoTalk_Photo_2026-09-15-03-48-04 014.jpeg,119,new_date_pg_119,new_date_pg_119,new_real_photo,0,none,0,train
images/image_0121.jpeg,new_date_real,real_photo,120,KakaoTalk_Photo_2026-09-15-03-48-05 015.jpeg,KakaoTalk_Photo_2026-09-15-03-48-05 015.jpeg,120,new_date_pg_120,new_date_pg_120,new_real_photo,0,none,0,train
images/image_0122.jpeg,new_date_real,real_photo,121,KakaoTalk_Photo_2026-09-15-03-48-06 016.jpeg,KakaoTalk_Photo_2026-09-15-03-48-06 016.jpeg,121,new_date_pg_121,new_date_pg_121,new_real_photo,0,none,270,train
images/image_0123.jpeg,new_date_real,real_photo,122,KakaoTalk_Photo_2026-09-15-03-48-06 017.jpeg,KakaoTalk_Photo_2026-09-15-03-48-06 017.jpeg,122,new_date_pg_122,new_date_pg_122,new_real_photo,0,none,270,train
images/image_0124.jpeg,new_date_real,real_photo,123,KakaoTalk_Photo_2026-09-15-03-48-07 018.jpeg,KakaoTalk_Photo_2026-09-15-03-48-07 018.jpeg,123,new_date_pg_123,new_date_pg_123,new_real_photo,0,none,270,train
images/image_0125.jpeg,new_date_real,real_photo,124,KakaoTalk_Photo_2026-09-15-03-48-07 019.jpeg,KakaoTalk_Photo_2026-09-15-03-48-07 019.jpeg,124,new_date_pg_124,new_date_pg_124,new_real_photo,0,none,270,train
images/image_0126.jpeg,new_date_real,real_photo,125,KakaoTalk_Photo_2026-09-15-03-48-08 020.jpeg,KakaoTalk_Photo_2026-09-15-03-48-08 020.jpeg,125,new_date_pg_125,new_date_pg_125,new_real_photo,0,none,270,train
images/image_0127.jpeg,new_date_real,real_photo,126,KakaoTalk_Photo_2026-09-15-03-48-09 021.jpeg,KakaoTalk_Photo_2026-09-15-03-48-09 021.jpeg,126,new_date_pg_126,new_date_pg_126,new_real_photo,0,none,270,train
images/image_0128.jpeg,new_date_real,real_photo,127,KakaoTalk_Photo_2026-09-15-03-48-09 022.jpeg,KakaoTalk_Photo_2026-09-15-03-48-09 022.jpeg,127,new_date_pg_127,new_date_pg_127,new_real_photo,0,none,270,train
images/image_0129.jpeg,new_date_real,real_photo,128,KakaoTalk_Photo_2026-09-15-03-48-10 023.jpeg,KakaoTalk_Photo_2026-09-15-03-48-10 023.jpeg,128,new_date_pg_128,new_date_pg_128,new_real_photo,0,none,0,train
images/image_0130.jpeg,new_date_real,real_photo,129,KakaoTalk_Photo_2026-09-15-03-48-10 024.jpeg,KakaoTalk_Photo_2026-09-15-03-48-10 024.jpeg,129,new_date_pg_129,new_date_pg_129,new_real_photo,0,none,0,train
images/image_0131.jpeg,new_date_real,real_photo,130,KakaoTalk_Photo_2026-09-15-03-48-11 025.jpeg,KakaoTalk_Photo_2026-09-15-03-48-11 025.jpeg,130,new_date_pg_130,new_date_pg_130,new_real_photo,0,none,0,train
images/image_0132.jpeg,new_date_real,real_photo,131,KakaoTalk_Photo_2026-09-15-03-48-12 026.jpeg,KakaoTalk_Photo_2026-09-15-03-48-12 026.jpeg,131,new_date_pg_131,new_date_pg_131,new_real_photo,0,none,0,train
images/image_0133.jpeg,new_date_real,real_photo,132,KakaoTalk_Photo_2026-09-15-03-48-12 027.jpeg,KakaoTalk_Photo_2026-09-15-03-48-12 027.jpeg,132,new_date_pg_132,new_date_pg_132,new_real_photo,0,none,0,train
images/image_0134.jpeg,new_date_real,real_photo,133,KakaoTalk_Photo_2026-09-15-03-48-13 028.jpeg,KakaoTalk_Photo_2026-09-15-03-48-13 028.jpeg,133,new_date_pg_133,new_date_pg_133,new_real_photo,0,none,0,train
images/image_0135.jpeg,new_date_real,real_photo,134,KakaoTalk_Photo_2026-09-15-03-48-13 029.jpeg,KakaoTalk_Photo_2026-09-15-03-48-13 029.jpeg,134,new_date_pg_134,new_date_pg_134,new_real_photo,0,none,0,train
images/image_0136.jpeg,new_date_real,real_photo,135,KakaoTalk_Photo_2026-09-15-03-48-14 030.jpeg,KakaoTalk_Photo_2026-09-15-03-48-14 030.jpeg,135,new_date_pg_135,new_date_pg_135,new_real_photo,0,none,0,train
images/image_0137.jpeg,new_date_real,real_photo,136,KakaoTalk_Photo_2026-09-15-03-48-49 001.jpeg,KakaoTalk_Photo_2026-09-15-03-48-49 001.jpeg,136,new_date_pg_136,new_date_pg_136,new_real_photo,0,none,0,train
images/image_0138.jpeg,new_date_real,real_photo,137,KakaoTalk_Photo_2026-09-15-03-48-50 002.jpeg,KakaoTalk_Photo_2026-09-15-03-48-50 002.jpeg,137,new_date_pg_137,new_date_pg_137,new_real_photo,0,none,0,train
images/image_0139.jpeg,new_date_real,real_photo,138,KakaoTalk_Photo_2026-09-15-03-48-50 003.jpeg,KakaoTalk_Photo_2026-09-15-03-48-50 003.jpeg,138,new_date_pg_138,new_date_pg_138,new_real_photo,0,none,0,train
images/image_0140.jpeg,new_date_real,real_photo,139,KakaoTalk_Photo_2026-09-15-03-48-51 004.jpeg,KakaoTalk_Photo_2026-09-15-03-48-51 004.jpeg,139,new_date_pg_139,new_date_pg_139,new_real_photo,0,none,0,train
images/image_0141.jpeg,new_date_real,real_photo,140,KakaoTalk_Photo_2026-09-15-03-48-51 005.jpeg,KakaoTalk_Photo_2026-09-15-03-48-51 005.jpeg,140,new_date_pg_140,new_date_pg_140,new_real_photo,0,none,0,train
images/image_0142.jpeg,new_date_real,real_photo,141,KakaoTalk_Photo_2026-09-15-03-48-52 006.jpeg,KakaoTalk_Photo_2026-09-15-03-48-52 006.jpeg,141,new_date_pg_141,new_date_pg_141,new_real_photo,0,none,0,train
images/image_0143.jpeg,new_date_real,real_photo,142,KakaoTalk_Photo_2026-09-15-03-48-53 007.jpeg,KakaoTalk_Photo_2026-09-15-03-48-53 007.jpeg,142,new_date_pg_142,new_date_pg_142,new_real_photo,0,none,0,train
images/image_0144.jpeg,new_date_real,real_photo,143,KakaoTalk_Photo_2026-09-15-03-48-53 008.jpeg,KakaoTalk_Photo_2026-09-15-03-48-53 008.jpeg,143,new_date_pg_143,new_date_pg_143,new_real_photo,0,none,0,train
images/image_0145.jpeg,new_date_real,real_photo,144,KakaoTalk_Photo_2026-09-15-03-48-54 009.jpeg,KakaoTalk_Photo_2026-09-15-03-48-54 009.jpeg,144,new_date_pg_144,new_date_pg_144,new_real_photo,0,none,0,train
images/image_0146.jpeg,new_date_real,real_photo,145,KakaoTalk_Photo_2026-09-15-03-48-55 010.jpeg,KakaoTalk_Photo_2026-09-15-03-48-55 010.jpeg,145,new_date_pg_145,new_date_pg_145,new_real_photo,0,none,0,train
images/image_0147.jpeg,new_date_real,real_photo,146,KakaoTalk_Photo_2026-09-15-03-49-21 001.jpeg,KakaoTalk_Photo_2026-09-15-03-49-21 001.jpeg,146,new_date_pg_146,new_date_pg_146,new_real_photo,0,none,0,train
images/image_0148.jpeg,new_date_real,real_photo,147,KakaoTalk_Photo_2026-09-15-03-49-22 002.jpeg,KakaoTalk_Photo_2026-09-15-03-49-22 002.jpeg,147,new_date_pg_147,new_date_pg_147,new_real_photo,0,none,0,train
images/image_0149.jpeg,new_date_real,real_photo,148,KakaoTalk_Photo_2026-09-15-03-49-22 003.jpeg,KakaoTalk_Photo_2026-09-15-03-49-22 003.jpeg,148,new_date_pg_148,new_date_pg_148,new_real_photo,0,none,0,train
images/image_0150.jpeg,new_date_real,real_photo,149,KakaoTalk_Photo_2026-09-15-03-49-23 004.jpeg,KakaoTalk_Photo_2026-09-15-03-49-23 004.jpeg,149,new_date_pg_149,new_date_pg_149,new_real_photo,0,none,0,train
images/image_0151.jpeg,new_date_real,real_photo,150,KakaoTalk_Photo_2026-09-15-03-49-23 005.jpeg,KakaoTalk_Photo_2026-09-15-03-49-23 005.jpeg,150,new_date_pg_150,new_date_pg_150,new_real_photo,0,none,0,train
images/image_0152.jpeg,new_date_real,real_photo,151,KakaoTalk_Photo_2026-09-15-03-49-24 006.jpeg,KakaoTalk_Photo_2026-09-15-03-49-24 006.jpeg,151,new_date_pg_151,new_date_pg_151,new_real_photo,0,none,0,train
images/image_0153.jpeg,new_date_real,real_photo,152,KakaoTalk_Photo_2026-09-15-03-49-24 007.jpeg,KakaoTalk_Photo_2026-09-15-03-49-24 007.jpeg,152,new_date_pg_152,new_date_pg_152,new_real_photo,0,none,0,train
images/image_0154.jpeg,new_date_real,real_photo,153,KakaoTalk_Photo_2026-09-15-03-49-25 008.jpeg,KakaoTalk_Photo_2026-09-15-03-49-25 008.jpeg,153,new_date_pg_153,new_date_pg_153,new_real_photo,0,none,0,train
images/image_0155.jpeg,new_date_real,real_photo,154,KakaoTalk_Photo_2026-09-15-03-49-26 009.jpeg,KakaoTalk_Photo_2026-09-15-03-49-26 009.jpeg,154,new_date_pg_154,new_date_pg_154,new_real_photo,0,none,0,train
images/image_0156.jpeg,new_date_real,real_photo,155,KakaoTalk_Photo_2026-09-15-03-49-26 010.jpeg,KakaoTalk_Photo_2026-09-15-03-49-26 010.jpeg,155,new_date_pg_155,new_date_pg_155,new_real_photo,0,none,0,train
images/image_0157.jpeg,new_date_real,real_photo,156,KakaoTalk_Photo_2026-09-15-03-49-27 011.jpeg,KakaoTalk_Photo_2026-09-15-03-49-27 011.jpeg,156,new_date_pg_156,new_date_pg_156,new_real_photo,0,none,0,train
images/image_0158.jpeg,new_date_real,real_photo,157,KakaoTalk_Photo_2026-09-15-03-49-28 012.jpeg,KakaoTalk_Photo_2026-09-15-03-49-28 012.jpeg,157,new_date_pg_157,new_date_pg_157,new_real_photo,0,none,0,train
images/image_0159.jpeg,new_date_real,real_photo,158,KakaoTalk_Photo_2026-09-15-03-49-28 013.jpeg,KakaoTalk_Photo_2026-09-15-03-49-28 013.jpeg,158,new_date_pg_158,new_date_pg_158,new_real_photo,0,none,0,train
images/image_0160.jpeg,new_date_real,real_photo,159,KakaoTalk_Photo_2026-09-15-03-49-29 014.jpeg,KakaoTalk_Photo_2026-09-15-03-49-29 014.jpeg,159,new_date_pg_159,new_date_pg_159,new_real_photo,0,none,0,train
images/image_0161.jpeg,new_date_real,real_photo,160,KakaoTalk_Photo_2026-09-15-03-49-29 015.jpeg,KakaoTalk_Photo_2026-09-15-03-49-29 015.jpeg,160,new_date_pg_160,new_date_pg_160,new_real_photo,0,none,0,train
images/image_0162.jpeg,new_date_real,real_photo,161,KakaoTalk_Photo_2026-09-15-03-49-30 016.jpeg,KakaoTalk_Photo_2026-09-15-03-49-30 016.jpeg,161,new_date_pg_161,new_date_pg_161,new_real_photo,0,none,0,train
images/image_0163.jpeg,new_date_real,real_photo,162,KakaoTalk_Photo_2026-09-15-03-49-30 017.jpeg,KakaoTalk_Photo_2026-09-15-03-49-30 017.jpeg,162,new_date_pg_162,new_date_pg_162,new_real_photo,0,none,0,train
images/image_0164.jpeg,new_date_real,real_photo,163,KakaoTalk_Photo_2026-09-15-03-49-31 018.jpeg,KakaoTalk_Photo_2026-09-15-03-49-31 018.jpeg,163,new_date_pg_163,new_date_pg_163,new_real_photo,0,none,0,train
images/image_0165.jpeg,new_date_real,real_photo,164,KakaoTalk_Photo_2026-09-15-03-49-32 019.jpeg,KakaoTalk_Photo_2026-09-15-03-49-32 019.jpeg,164,new_date_pg_164,new_date_pg_164,new_real_photo,0,none,0,train
images/image_0166.jpeg,new_date_real,real_photo,165,KakaoTalk_Photo_2026-09-15-03-49-32 020.jpeg,KakaoTalk_Photo_2026-09-15-03-49-32 020.jpeg,165,new_date_pg_165,new_date_pg_165,new_real_photo,0,none,0,train
images/image_0167.jpeg,new_date_real,real_photo,166,KakaoTalk_Photo_2026-09-15-03-49-33 021.jpeg,KakaoTalk_Photo_2026-09-15-03-49-33 021.jpeg,166,new_date_pg_166,new_date_pg_166,new_real_photo,0,none,0,train
images/image_0168.jpeg,new_date_real,real_photo,167,KakaoTalk_Photo_2026-09-15-03-49-33 022.jpeg,KakaoTalk_Photo_2026-09-15-03-49-33 022.jpeg,167,new_date_pg_167,new_date_pg_167,new_real_photo,0,none,0,train
images/image_0169.jpeg,new_date_real,real_photo,168,KakaoTalk_Photo_2026-09-15-03-49-34 023.jpeg,KakaoTalk_Photo_2026-09-15-03-49-34 023.jpeg,168,new_date_pg_168,new_date_pg_168,new_real_photo,0,none,0,train
images/image_0170.jpeg,new_date_real,real_photo,169,KakaoTalk_Photo_2026-09-15-03-49-35 024.jpeg,KakaoTalk_Photo_2026-09-15-03-49-35 024.jpeg,169,new_date_pg_169,new_date_pg_169,new_real_photo,0,none,0,train
images/image_0171.jpeg,new_date_real,real_photo,170,KakaoTalk_Photo_2026-09-15-03-49-36 025.jpeg,KakaoTalk_Photo_2026-09-15-03-49-36 025.jpeg,170,new_date_pg_170,new_date_pg_170,new_real_photo,0,none,0,train
images/image_0172.jpeg,new_date_real,real_photo,171,KakaoTalk_Photo_2026-09-15-03-49-36 026.jpeg,KakaoTalk_Photo_2026-09-15-03-49-36 026.jpeg,171,new_date_pg_171,new_date_pg_171,new_real_photo,0,none,0,train
images/image_0173.jpeg,new_date_real,real_photo,172,KakaoTalk_Photo_2026-09-15-03-49-37 027.jpeg,KakaoTalk_Photo_2026-09-15-03-49-37 027.jpeg,172,new_date_pg_172,new_date_pg_172,new_real_photo,0,none,0,train
images/image_0174.jpeg,new_date_real,real_photo,173,KakaoTalk_Photo_2026-09-15-03-49-38 028.jpeg,KakaoTalk_Photo_2026-09-15-03-49-38 028.jpeg,173,new_date_pg_173,new_date_pg_173,new_real_photo,0,none,0,train
images/image_0175.jpeg,new_date_real,real_photo,174,KakaoTalk_Photo_2026-09-15-03-49-38 029.jpeg,KakaoTalk_Photo_2026-09-15-03-49-38 029.jpeg,174,new_date_pg_174,new_date_pg_174,new_real_photo,0,none,0,train
images/image_0176.jpeg,new_date_real,real_photo,175,KakaoTalk_Photo_2026-09-15-03-49-39 030.jpeg,KakaoTalk_Photo_2026-09-15-03-49-39 030.jpeg,175,new_date_pg_175,new_date_pg_175,new_real_photo,0,none,0,train
images/image_0177.jpeg,new_date_real,real_photo,176,KakaoTalk_Photo_2026-09-15-03-49-59 001.jpeg,KakaoTalk_Photo_2026-09-15-03-49-59 001.jpeg,176,new_date_pg_176,new_date_pg_176,new_real_photo,0,none,0,train
images/image_0178.jpeg,new_date_real,real_photo,177,KakaoTalk_Photo_2026-09-15-03-49-59 002.jpeg,KakaoTalk_Photo_2026-09-15-03-49-59 002.jpeg,177,new_date_pg_177,new_date_pg_177,new_real_photo,0,none,0,train
images/image_0179.jpeg,new_date_real,real_photo,178,KakaoTalk_Photo_2026-09-15-03-50-00 003.jpeg,KakaoTalk_Photo_2026-09-15-03-50-00 003.jpeg,178,new_date_pg_178,new_date_pg_178,new_real_photo,0,none,0,train
images/image_0180.jpeg,new_date_real,real_photo,179,KakaoTalk_Photo_2026-09-15-03-50-01 004.jpeg,KakaoTalk_Photo_2026-09-15-03-50-01 004.jpeg,179,new_date_pg_179,new_date_pg_179,new_real_photo,0,none,0,train
images/image_0181.jpeg,new_date_real,real_photo,180,KakaoTalk_Photo_2026-09-15-03-50-01 005.jpeg,KakaoTalk_Photo_2026-09-15-03-50-01 005.jpeg,180,new_date_pg_180,new_date_pg_180,new_real_photo,0,none,0,train
images/image_0182.jpeg,new_date_real,real_photo,181,KakaoTalk_Photo_2026-09-15-03-50-02 006.jpeg,KakaoTalk_Photo_2026-09-15-03-50-02 006.jpeg,181,new_date_pg_181,new_date_pg_181,new_real_photo,0,none,0,train
images/image_0183.jpeg,new_date_real,real_photo,182,KakaoTalk_Photo_2026-09-15-03-50-03 007.jpeg,KakaoTalk_Photo_2026-09-15-03-50-03 007.jpeg,182,new_date_pg_182,new_date_pg_182,new_real_photo,0,none,0,train
images/image_0184.jpeg,new_date_real,real_photo,183,KakaoTalk_Photo_2026-09-15-03-50-03 008.jpeg,KakaoTalk_Photo_2026-09-15-03-50-03 008.jpeg,183,new_date_pg_183,new_date_pg_183,new_real_photo,0,none,0,train
images/image_0185.jpeg,new_date_real,real_photo,184,KakaoTalk_Photo_2026-09-15-03-50-04 009.jpeg,KakaoTalk_Photo_2026-09-15-03-50-04 009.jpeg,184,new_date_pg_184,new_date_pg_184,new_real_photo,0,none,0,train
images/image_0186.jpeg,new_date_real,real_photo,185,KakaoTalk_Photo_2026-09-15-03-50-05 010.jpeg,KakaoTalk_Photo_2026-09-15-03-50-05 010.jpeg,185,new_date_pg_185,new_date_pg_185,new_real_photo,0,none,0,train
images/image_0187.jpeg,new_date_real,real_photo,186,KakaoTalk_Photo_2026-09-15-03-50-06 011.jpeg,KakaoTalk_Photo_2026-09-15-03-50-06 011.jpeg,186,new_date_pg_186,new_date_pg_186,new_real_photo,0,none,0,train
images/image_0188.jpeg,new_date_real,real_photo,187,KakaoTalk_Photo_2026-09-15-03-50-06 012.jpeg,KakaoTalk_Photo_2026-09-15-03-50-06 012.jpeg,187,new_date_pg_187,new_date_pg_187,new_real_photo,0,none,0,train
images/image_0189.jpeg,new_date_real,real_photo,188,KakaoTalk_Photo_2026-09-15-03-50-07 013.jpeg,KakaoTalk_Photo_2026-09-15-03-50-07 013.jpeg,188,new_date_pg_188,new_date_pg_188,new_real_photo,0,none,0,train
images/image_0190.jpeg,new_date_real,real_photo,189,KakaoTalk_Photo_2026-09-15-03-50-08 014.jpeg,KakaoTalk_Photo_2026-09-15-03-50-08 014.jpeg,189,new_date_pg_189,new_date_pg_189,new_real_photo,0,none,0,train
images/image_0191.jpeg,new_date_real,real_photo,190,KakaoTalk_Photo_2026-09-15-03-50-09 015.jpeg,KakaoTalk_Photo_2026-09-15-03-50-09 015.jpeg,190,new_date_pg_190,new_date_pg_190,new_real_photo,0,none,0,train
images/image_0192.jpeg,new_date_real,real_photo,191,KakaoTalk_Photo_2026-09-15-03-50-09 016.jpeg,KakaoTalk_Photo_2026-09-15-03-50-09 016.jpeg,191,new_date_pg_191,new_date_pg_191,new_real_photo,0,none,0,train
images/image_0193.jpeg,new_date_real,real_photo,192,KakaoTalk_Photo_2026-09-15-03-50-10 017.jpeg,KakaoTalk_Photo_2026-09-15-03-50-10 017.jpeg,192,new_date_pg_192,new_date_pg_192,new_real_photo,0,none,0,train
images/image_0194.jpeg,new_date_real,real_photo,193,KakaoTalk_Photo_2026-09-15-03-50-10 018.jpeg,KakaoTalk_Photo_2026-09-15-03-50-10 018.jpeg,193,new_date_pg_193,new_date_pg_193,new_real_photo,0,none,0,train
images/image_0195.jpeg,new_date_real,real_photo,194,KakaoTalk_Photo_2026-09-15-03-50-11 019.jpeg,KakaoTalk_Photo_2026-09-15-03-50-11 019.jpeg,194,new_date_pg_194,new_date_pg_194,new_real_photo,0,none,0,train
images/image_0196.jpeg,new_date_real,real_photo,195,KakaoTalk_Photo_2026-09-15-03-50-12 020.jpeg,KakaoTalk_Photo_2026-09-15-03-50-12 020.jpeg,195,new_date_pg_195,new_date_pg_195,new_real_photo,0,none,0,train
images/image_0197.jpeg,new_date_real,real_photo,196,KakaoTalk_Photo_2026-09-15-03-50-12 021.jpeg,KakaoTalk_Photo_2026-09-15-03-50-12 021.jpeg,196,new_date_pg_196,new_date_pg_196,new_real_photo,0,none,0,train
images/image_0198.jpeg,new_date_real,real_photo,197,KakaoTalk_Photo_2026-09-15-03-50-13 022.jpeg,KakaoTalk_Photo_2026-09-15-03-50-13 022.jpeg,197,new_date_pg_197,new_date_pg_197,new_real_photo,0,none,0,train
images/image_0199.jpeg,new_date_real,real_photo,198,KakaoTalk_Photo_2026-09-15-03-50-13 023.jpeg,KakaoTalk_Photo_2026-09-15-03-50-13 023.jpeg,198,new_date_pg_198,new_date_pg_198,new_real_photo,0,none,0,train
images/image_0200.jpeg,new_date_real,real_photo,199,KakaoTalk_Photo_2026-09-15-03-50-14 024.jpeg,KakaoTalk_Photo_2026-09-15-03-50-14 024.jpeg,199,new_date_pg_199,new_date_pg_199,new_real_photo,0,none,0,train
images/image_0201.jpeg,new_date_real,real_photo,200,KakaoTalk_Photo_2026-09-15-03-50-14 025.jpeg,KakaoTalk_Photo_2026-09-15-03-50-14 025.jpeg,200,new_date_pg_200,new_date_pg_200,new_real_photo,0,none,0,train
images/image_0202.jpeg,new_date_real,real_photo,201,KakaoTalk_Photo_2026-09-15-03-50-15 026.jpeg,KakaoTalk_Photo_2026-09-15-03-50-15 026.jpeg,201,new_date_pg_201,new_date_pg_201,new_real_photo,0,none,0,train
images/image_0203.jpeg,new_date_real,real_photo,202,KakaoTalk_Photo_2026-09-15-03-50-16 027.jpeg,KakaoTalk_Photo_2026-09-15-03-50-16 027.jpeg,202,new_date_pg_202,new_date_pg_202,new_real_photo,0,none,0,train
images/image_0204.jpeg,new_date_real,real_photo,203,KakaoTalk_Photo_2026-09-15-03-50-16 028.jpeg,KakaoTalk_Photo_2026-09-15-03-50-16 028.jpeg,203,new_date_pg_203,new_date_pg_203,new_real_photo,0,none,0,train
images/image_0205.jpeg,new_date_real,real_photo,204,KakaoTalk_Photo_2026-09-15-03-50-17 029.jpeg,KakaoTalk_Photo_2026-09-15-03-50-17 029.jpeg,204,new_date_pg_204,new_date_pg_204,new_real_photo,0,none,0,train
images/image_0206.jpeg,new_date_real,real_photo,205,KakaoTalk_Photo_2026-09-15-03-50-18 030.jpeg,KakaoTalk_Photo_2026-09-15-03-50-18 030.jpeg,205,new_date_pg_205,new_date_pg_205,new_real_photo,0,none,0,train
images/image_0207.jpeg,new_date_augmented,real_photo_augmentation,0,aug_0001__from_000_KakaoTalk_260915_021729_01.jpeg,KakaoTalk_260915_021729_01.jpeg,0,new_date_pg_000,new_date_pg_000,new_real_photo_aug,1,mild_rotation,270,train
images/image_0208.jpeg,new_date_augmented,real_photo_augmentation,2,aug_0002__from_002_KakaoTalk_260915_021729_21.jpeg,KakaoTalk_260915_021729_21.jpeg,2,new_date_pg_002,new_date_pg_002,new_real_photo_aug,1,mild_perspective,270,train
images/image_0209.jpeg,new_date_augmented,real_photo_augmentation,5,aug_0003__from_005_KakaoTalk_260915_021729_51.jpeg,KakaoTalk_260915_021729_51.jpeg,5,new_date_pg_005,new_date_pg_005,new_real_photo_aug,1,mild_rotation_brightness_contrast,270,train
images/image_0210.jpeg,new_date_augmented,real_photo_augmentation,7,aug_0004__from_007_KakaoTalk_260915_021730_71.jpeg,KakaoTalk_260915_021730_71.jpeg,7,new_date_pg_007,new_date_pg_007,new_real_photo_aug,1,mild_blur_brightness,270,train
images/image_0211.jpeg,new_date_augmented,real_photo_augmentation,10,aug_0005__from_010_KakaoTalk_260915_021731_101.jpeg,KakaoTalk_260915_021731_101.jpeg,10,new_date_pg_010,new_date_pg_010,new_real_photo_aug,1,mild_rotation,270,train
images/image_0212.jpeg,new_date_augmented,real_photo_augmentation,12,aug_0006__from_012_KakaoTalk_260915_021731_121.jpeg,KakaoTalk_260915_021731_121.jpeg,12,new_date_pg_012,new_date_pg_012,new_real_photo_aug,1,mild_perspective,270,train
images/image_0213.jpeg,new_date_augmented,real_photo_augmentation,14,aug_0007__from_014_KakaoTalk_260915_021731_141.jpeg,KakaoTalk_260915_021731_141.jpeg,14,new_date_pg_014,new_date_pg_014,new_real_photo_aug,1,mild_rotation_brightness_contrast,270,train
images/image_0214.jpeg,new_date_augmented,real_photo_augmentation,17,aug_0008__from_017_KakaoTalk_260915_021732_171.jpeg,KakaoTalk_260915_021732_171.jpeg,17,new_date_pg_017,new_date_pg_017,new_real_photo_aug,1,mild_blur_brightness,270,train
images/image_0215.jpeg,new_date_augmented,real_photo_augmentation,19,aug_0009__from_019_KakaoTalk_260915_021733_191.jpeg,KakaoTalk_260915_021733_191.jpeg,19,new_date_pg_019,new_date_pg_019,new_real_photo_aug,1,mild_rotation,270,train
images/image_0216.jpeg,new_date_augmented,real_photo_augmentation,22,aug_0010__from_022_KakaoTalk_260915_021733_221.jpeg,KakaoTalk_260915_021733_221.jpeg,22,new_date_pg_022,new_date_pg_022,new_real_photo_aug,1,mild_perspective,270,train
images/image_0217.jpeg,new_date_augmented,real_photo_augmentation,24,aug_0011__from_024_KakaoTalk_260915_021734_241.jpeg,KakaoTalk_260915_021734_241.jpeg,24,new_date_pg_024,new_date_pg_024,new_real_photo_aug,1,mild_rotation_brightness_contrast,270,train
images/image_0218.jpeg,new_date_augmented,real_photo_augmentation,27,aug_0012__from_027_KakaoTalk_260915_021734_271.jpeg,KakaoTalk_260915_021734_271.jpeg,27,new_date_pg_027,new_date_pg_027,new_real_photo_aug,1,mild_blur_brightness,270,train
images/image_0219.jpeg,new_date_augmented,real_photo_augmentation,29,aug_0013__from_029_KakaoTalk_260915_021735_291.jpeg,KakaoTalk_260915_021735_291.jpeg,29,new_date_pg_029,new_date_pg_029,new_real_photo_aug,1,mild_rotation,270,train
images/image_0220.jpeg,new_date_augmented,real_photo_augmentation,31,aug_0014__from_031_KakaoTalk_260915_021755_11.jpeg,KakaoTalk_260915_021755_11.jpeg,31,new_date_pg_031,new_date_pg_031,new_real_photo_aug,1,mild_perspective,270,train
images/image_0221.jpeg,new_date_augmented,real_photo_augmentation,34,aug_0015__from_034_KakaoTalk_260915_021756_41.jpeg,KakaoTalk_260915_021756_41.jpeg,34,new_date_pg_034,new_date_pg_034,new_real_photo_aug,1,mild_rotation_brightness_contrast,270,train
images/image_0222.jpeg,new_date_augmented,real_photo_augmentation,36,aug_0016__from_036_KakaoTalk_260915_021757_61.jpeg,KakaoTalk_260915_021757_61.jpeg,36,new_date_pg_036,new_date_pg_036,new_real_photo_aug,1,mild_blur_brightness,270,train
images/image_0223.jpeg,new_date_augmented,real_photo_augmentation,39,aug_0017__from_039_KakaoTalk_260915_021758_111.jpeg,KakaoTalk_260915_021758_111.jpeg,39,new_date_pg_039,new_date_pg_039,new_real_photo_aug,1,mild_rotation,270,train
images/image_0224.jpeg,new_date_augmented,real_photo_augmentation,41,aug_0018__from_041_KakaoTalk_260915_021758_91.jpeg,KakaoTalk_260915_021758_91.jpeg,41,new_date_pg_041,new_date_pg_041,new_real_photo_aug,1,mild_perspective,270,train
images/image_0225.jpeg,new_date_augmented,real_photo_augmentation,43,aug_0019__from_043_KakaoTalk_260915_021759_131.jpeg,KakaoTalk_260915_021759_131.jpeg,43,new_date_pg_043,new_date_pg_043,new_real_photo_aug,1,mild_rotation_brightness_contrast,270,train
images/image_0226.jpeg,new_date_augmented,real_photo_augmentation,46,aug_0020__from_046_KakaoTalk_260915_021834_01.jpeg,KakaoTalk_260915_021834_01.jpeg,46,new_date_pg_046,new_date_pg_046,new_real_photo_aug,1,mild_blur_brightness,270,train
images/image_0227.jpeg,new_date_augmented,real_photo_augmentation,48,aug_0021__from_048_KakaoTalk_260915_021835_21.jpeg,KakaoTalk_260915_021835_21.jpeg,48,new_date_pg_048,new_date_pg_048,new_real_photo_aug,1,mild_rotation,270,train
images/image_0228.jpeg,new_date_augmented,real_photo_augmentation,51,aug_0022__from_051_KakaoTalk_260915_021835_51.jpeg,KakaoTalk_260915_021835_51.jpeg,51,new_date_pg_051,new_date_pg_051,new_real_photo_aug,1,mild_perspective,270,train
images/image_0229.jpeg,new_date_augmented,real_photo_augmentation,53,aug_0023__from_053_KakaoTalk_260915_021836_101.jpeg,KakaoTalk_260915_021836_101.jpeg,53,new_date_pg_053,new_date_pg_053,new_real_photo_aug,1,mild_rotation_brightness_contrast,270,train
images/image_0230.jpeg,new_date_augmented,real_photo_augmentation,55,aug_0024__from_055_KakaoTalk_260915_021836_81.jpeg,KakaoTalk_260915_021836_81.jpeg,55,new_date_pg_055,new_date_pg_055,new_real_photo_aug,1,mild_blur_brightness,270,train
images/image_0231.jpeg,new_date_augmented,real_photo_augmentation,58,aug_0025__from_058_KakaoTalk_260915_021837_121.jpeg,KakaoTalk_260915_021837_121.jpeg,58,new_date_pg_058,new_date_pg_058,new_real_photo_aug,1,mild_rotation,270,train
images/image_0232.jpeg,new_date_augmented,real_photo_augmentation,60,aug_0026__from_060_KakaoTalk_260915_021837_141.jpeg,KakaoTalk_260915_021837_141.jpeg,60,new_date_pg_060,new_date_pg_060,new_real_photo_aug,1,mild_perspective,270,train
images/image_0233.jpeg,new_date_augmented,real_photo_augmentation,63,aug_0027__from_063_KakaoTalk_260915_021838_171.jpeg,KakaoTalk_260915_021838_171.jpeg,63,new_date_pg_063,new_date_pg_063,new_real_photo_aug,1,mild_rotation_brightness_contrast,270,train
images/image_0234.jpeg,new_date_augmented,real_photo_augmentation,65,aug_0028__from_065_KakaoTalk_260915_021838_191.jpeg,KakaoTalk_260915_021838_191.jpeg,65,new_date_pg_065,new_date_pg_065,new_real_photo_aug,1,mild_blur_brightness,270,train
images/image_0235.jpeg,new_date_augmented,real_photo_augmentation,68,aug_0029__from_068_KakaoTalk_260915_021839_221.jpeg,KakaoTalk_260915_021839_221.jpeg,68,new_date_pg_068,new_date_pg_068,new_real_photo_aug,1,mild_rotation,270,train
images/image_0236.jpeg,new_date_augmented,real_photo_augmentation,70,aug_0030__from_070_KakaoTalk_260915_021840_241.jpeg,KakaoTalk_260915_021840_241.jpeg,70,new_date_pg_070,new_date_pg_070,new_real_photo_aug,1,mild_perspective,270,train
images/image_0237.jpeg,new_date_augmented,real_photo_augmentation,72,aug_0031__from_072_KakaoTalk_260915_021841_261.jpeg,KakaoTalk_260915_021841_261.jpeg,72,new_date_pg_072,new_date_pg_072,new_real_photo_aug,1,mild_rotation_brightness_contrast,270,train
images/image_0238.jpeg,new_date_augmented,real_photo_augmentation,75,aug_0032__from_075_KakaoTalk_260915_021841_291.jpeg,KakaoTalk_260915_021841_291.jpeg,75,new_date_pg_075,new_date_pg_075,new_real_photo_aug,1,mild_blur_brightness,270,train
images/image_0239.jpeg,new_date_augmented,real_photo_augmentation,77,aug_0033__from_077_KakaoTalk_Photo_2026-09-15-03-47-01_002.jpeg,KakaoTalk_Photo_2026-09-15-03-47-01 002.jpeg,77,new_date_pg_077,new_date_pg_077,new_real_photo_aug,1,mild_rotation,0,train
images/image_0240.jpeg,new_date_augmented,real_photo_augmentation,80,aug_0034__from_080_KakaoTalk_Photo_2026-09-15-03-47-01_005.jpeg,KakaoTalk_Photo_2026-09-15-03-47-01 005.jpeg,80,new_date_pg_080,new_date_pg_080,new_real_photo_aug,1,mild_perspective,0,train
images/image_0241.jpeg,new_date_augmented,real_photo_augmentation,82,aug_0035__from_082_KakaoTalk_Photo_2026-09-15-03-47-01_007.jpeg,KakaoTalk_Photo_2026-09-15-03-47-01 007.jpeg,82,new_date_pg_082,new_date_pg_082,new_real_photo_aug,1,mild_rotation_brightness_contrast,0,train
images/image_0242.jpeg,new_date_augmented,real_photo_augmentation,84,aug_0036__from_084_KakaoTalk_Photo_2026-09-15-03-47-02_009.jpeg,KakaoTalk_Photo_2026-09-15-03-47-02 009.jpeg,84,new_date_pg_084,new_date_pg_084,new_real_photo_aug,1,mild_blur_brightness,0,train
images/image_0243.jpeg,new_date_augmented,real_photo_augmentation,87,aug_0037__from_087_KakaoTalk_Photo_2026-09-15-03-47-03_012.jpeg,KakaoTalk_Photo_2026-09-15-03-47-03 012.jpeg,87,new_date_pg_087,new_date_pg_087,new_real_photo_aug,1,mild_rotation,0,train
images/image_0244.jpeg,new_date_augmented,real_photo_augmentation,89,aug_0038__from_089_KakaoTalk_Photo_2026-09-15-03-47-04_014.jpeg,KakaoTalk_Photo_2026-09-15-03-47-04 014.jpeg,89,new_date_pg_089,new_date_pg_089,new_real_photo_aug,1,mild_perspective,0,train
images/image_0245.jpeg,new_date_augmented,real_photo_augmentation,92,aug_0039__from_092_KakaoTalk_Photo_2026-09-15-03-47-06_017.jpeg,KakaoTalk_Photo_2026-09-15-03-47-06 017.jpeg,92,new_date_pg_092,new_date_pg_092,new_real_photo_aug,1,mild_rotation_brightness_contrast,270,train
images/image_0246.jpeg,new_date_augmented,real_photo_augmentation,94,aug_0040__from_094_KakaoTalk_Photo_2026-09-15-03-47-07_019.jpeg,KakaoTalk_Photo_2026-09-15-03-47-07 019.jpeg,94,new_date_pg_094,new_date_pg_094,new_real_photo_aug,1,mild_blur_brightness,0,train
images/image_0247.jpeg,new_date_augmented,real_photo_augmentation,96,aug_0041__from_096_KakaoTalk_Photo_2026-09-15-03-47-09_021.jpeg,KakaoTalk_Photo_2026-09-15-03-47-09 021.jpeg,96,new_date_pg_096,new_date_pg_096,new_real_photo_aug,1,mild_rotation,0,train
images/image_0248.jpeg,new_date_augmented,real_photo_augmentation,99,aug_0042__from_099_KakaoTalk_Photo_2026-09-15-03-47-10_024.jpeg,KakaoTalk_Photo_2026-09-15-03-47-10 024.jpeg,99,new_date_pg_099,new_date_pg_099,new_real_photo_aug,1,mild_perspective,0,train
images/image_0249.jpeg,new_date_augmented,real_photo_augmentation,101,aug_0043__from_101_KakaoTalk_Photo_2026-09-15-03-47-11_026.jpeg,KakaoTalk_Photo_2026-09-15-03-47-11 026.jpeg,101,new_date_pg_101,new_date_pg_101,new_real_photo_aug,1,mild_rotation_brightness_contrast,270,train
images/image_0250.jpeg,new_date_augmented,real_photo_augmentation,104,aug_0044__from_104_KakaoTalk_Photo_2026-09-15-03-47-13_029.jpeg,KakaoTalk_Photo_2026-09-15-03-47-13 029.jpeg,104,new_date_pg_104,new_date_pg_104,new_real_photo_aug,1,mild_blur_brightness,270,train
images/image_0251.jpeg,new_date_augmented,real_photo_augmentation,106,aug_0045__from_106_KakaoTalk_Photo_2026-09-15-03-47-57_001.jpeg,KakaoTalk_Photo_2026-09-15-03-47-57 001.jpeg,106,new_date_pg_106,new_date_pg_106,new_real_photo_aug,1,mild_rotation,270,train
images/image_0252.jpeg,new_date_augmented,real_photo_augmentation,109,aug_0046__from_109_KakaoTalk_Photo_2026-09-15-03-47-58_004.jpeg,KakaoTalk_Photo_2026-09-15-03-47-58 004.jpeg,109,new_date_pg_109,new_date_pg_109,new_real_photo_aug,1,mild_perspective,270,train
images/image_0253.jpeg,new_date_augmented,real_photo_augmentation,111,aug_0047__from_111_KakaoTalk_Photo_2026-09-15-03-47-59_006.jpeg,KakaoTalk_Photo_2026-09-15-03-47-59 006.jpeg,111,new_date_pg_111,new_date_pg_111,new_real_photo_aug,1,mild_rotation_brightness_contrast,270,train
images/image_0254.jpeg,new_date_augmented,real_photo_augmentation,113,aug_0048__from_113_KakaoTalk_Photo_2026-09-15-03-48-00_008.jpeg,KakaoTalk_Photo_2026-09-15-03-48-00 008.jpeg,113,new_date_pg_113,new_date_pg_113,new_real_photo_aug,1,mild_blur_brightness,0,train
images/image_0255.jpeg,new_date_augmented,real_photo_augmentation,116,aug_0049__from_116_KakaoTalk_Photo_2026-09-15-03-48-02_011.jpeg,KakaoTalk_Photo_2026-09-15-03-48-02 011.jpeg,116,new_date_pg_116,new_date_pg_116,new_real_photo_aug,1,mild_rotation,270,train
images/image_0256.jpeg,new_date_augmented,real_photo_augmentation,118,aug_0050__from_118_KakaoTalk_Photo_2026-09-15-03-48-04_013.jpeg,KakaoTalk_Photo_2026-09-15-03-48-04 013.jpeg,118,new_date_pg_118,new_date_pg_118,new_real_photo_aug,1,mild_perspective,270,train
images/image_0257.jpeg,new_date_augmented,real_photo_augmentation,121,aug_0051__from_121_KakaoTalk_Photo_2026-09-15-03-48-06_016.jpeg,KakaoTalk_Photo_2026-09-15-03-48-06 016.jpeg,121,new_date_pg_121,new_date_pg_121,new_real_photo_aug,1,mild_rotation_brightness_contrast,270,train
images/image_0258.jpeg,new_date_augmented,real_photo_augmentation,123,aug_0052__from_123_KakaoTalk_Photo_2026-09-15-03-48-07_018.jpeg,KakaoTalk_Photo_2026-09-15-03-48-07 018.jpeg,123,new_date_pg_123,new_date_pg_123,new_real_photo_aug,1,mild_blur_brightness,270,train
images/image_0259.jpeg,new_date_augmented,real_photo_augmentation,125,aug_0053__from_125_KakaoTalk_Photo_2026-09-15-03-48-08_020.jpeg,KakaoTalk_Photo_2026-09-15-03-48-08 020.jpeg,125,new_date_pg_125,new_date_pg_125,new_real_photo_aug,1,mild_rotation,270,train
images/image_0260.jpeg,new_date_augmented,real_photo_augmentation,128,aug_0054__from_128_KakaoTalk_Photo_2026-09-15-03-48-10_023.jpeg,KakaoTalk_Photo_2026-09-15-03-48-10 023.jpeg,128,new_date_pg_128,new_date_pg_128,new_real_photo_aug,1,mild_perspective,0,train
images/image_0261.jpeg,new_date_augmented,real_photo_augmentation,130,aug_0055__from_130_KakaoTalk_Photo_2026-09-15-03-48-11_025.jpeg,KakaoTalk_Photo_2026-09-15-03-48-11 025.jpeg,130,new_date_pg_130,new_date_pg_130,new_real_photo_aug,1,mild_rotation_brightness_contrast,0,train
images/image_0262.jpeg,new_date_augmented,real_photo_augmentation,133,aug_0056__from_133_KakaoTalk_Photo_2026-09-15-03-48-13_028.jpeg,KakaoTalk_Photo_2026-09-15-03-48-13 028.jpeg,133,new_date_pg_133,new_date_pg_133,new_real_photo_aug,1,mild_blur_brightness,0,train
images/image_0263.jpeg,new_date_augmented,real_photo_augmentation,135,aug_0057__from_135_KakaoTalk_Photo_2026-09-15-03-48-14_030.jpeg,KakaoTalk_Photo_2026-09-15-03-48-14 030.jpeg,135,new_date_pg_135,new_date_pg_135,new_real_photo_aug,1,mild_rotation,0,train
images/image_0264.jpeg,new_date_augmented,real_photo_augmentation,137,aug_0058__from_137_KakaoTalk_Photo_2026-09-15-03-48-50_002.jpeg,KakaoTalk_Photo_2026-09-15-03-48-50 002.jpeg,137,new_date_pg_137,new_date_pg_137,new_real_photo_aug,1,mild_perspective,0,train
images/image_0265.jpeg,new_date_augmented,real_photo_augmentation,140,aug_0059__from_140_KakaoTalk_Photo_2026-09-15-03-48-51_005.jpeg,KakaoTalk_Photo_2026-09-15-03-48-51 005.jpeg,140,new_date_pg_140,new_date_pg_140,new_real_photo_aug,1,mild_rotation_brightness_contrast,0,train
images/image_0266.jpeg,new_date_augmented,real_photo_augmentation,142,aug_0060__from_142_KakaoTalk_Photo_2026-09-15-03-48-53_007.jpeg,KakaoTalk_Photo_2026-09-15-03-48-53 007.jpeg,142,new_date_pg_142,new_date_pg_142,new_real_photo_aug,1,mild_blur_brightness,0,train
images/image_0267.jpeg,new_date_augmented,real_photo_augmentation,145,aug_0061__from_145_KakaoTalk_Photo_2026-09-15-03-48-55_010.jpeg,KakaoTalk_Photo_2026-09-15-03-48-55 010.jpeg,145,new_date_pg_145,new_date_pg_145,new_real_photo_aug,1,mild_rotation,0,train
images/image_0268.jpeg,new_date_augmented,real_photo_augmentation,147,aug_0062__from_147_KakaoTalk_Photo_2026-09-15-03-49-22_002.jpeg,KakaoTalk_Photo_2026-09-15-03-49-22 002.jpeg,147,new_date_pg_147,new_date_pg_147,new_real_photo_aug,1,mild_perspective,0,train
images/image_0269.jpeg,new_date_augmented,real_photo_augmentation,150,aug_0063__from_150_KakaoTalk_Photo_2026-09-15-03-49-23_005.jpeg,KakaoTalk_Photo_2026-09-15-03-49-23 005.jpeg,150,new_date_pg_150,new_date_pg_150,new_real_photo_aug,1,mild_rotation_brightness_contrast,0,train
images/image_0270.jpeg,new_date_augmented,real_photo_augmentation,152,aug_0064__from_152_KakaoTalk_Photo_2026-09-15-03-49-24_007.jpeg,KakaoTalk_Photo_2026-09-15-03-49-24 007.jpeg,152,new_date_pg_152,new_date_pg_152,new_real_photo_aug,1,mild_blur_brightness,0,train
images/image_0271.jpeg,new_date_augmented,real_photo_augmentation,154,aug_0065__from_154_KakaoTalk_Photo_2026-09-15-03-49-26_009.jpeg,KakaoTalk_Photo_2026-09-15-03-49-26 009.jpeg,154,new_date_pg_154,new_date_pg_154,new_real_photo_aug,1,mild_rotation,0,train
images/image_0272.jpeg,new_date_augmented,real_photo_augmentation,157,aug_0066__from_157_KakaoTalk_Photo_2026-09-15-03-49-28_012.jpeg,KakaoTalk_Photo_2026-09-15-03-49-28 012.jpeg,157,new_date_pg_157,new_date_pg_157,new_real_photo_aug,1,mild_perspective,0,train
images/image_0273.jpeg,new_date_augmented,real_photo_augmentation,159,aug_0067__from_159_KakaoTalk_Photo_2026-09-15-03-49-29_014.jpeg,KakaoTalk_Photo_2026-09-15-03-49-29 014.jpeg,159,new_date_pg_159,new_date_pg_159,new_real_photo_aug,1,mild_rotation_brightness_contrast,0,train
images/image_0274.jpeg,new_date_augmented,real_photo_augmentation,162,aug_0068__from_162_KakaoTalk_Photo_2026-09-15-03-49-30_017.jpeg,KakaoTalk_Photo_2026-09-15-03-49-30 017.jpeg,162,new_date_pg_162,new_date_pg_162,new_real_photo_aug,1,mild_blur_brightness,0,train
images/image_0275.jpeg,new_date_augmented,real_photo_augmentation,164,aug_0069__from_164_KakaoTalk_Photo_2026-09-15-03-49-32_019.jpeg,KakaoTalk_Photo_2026-09-15-03-49-32 019.jpeg,164,new_date_pg_164,new_date_pg_164,new_real_photo_aug,1,mild_rotation,0,train
images/image_0276.jpeg,new_date_augmented,real_photo_augmentation,166,aug_0070__from_166_KakaoTalk_Photo_2026-09-15-03-49-33_021.jpeg,KakaoTalk_Photo_2026-09-15-03-49-33 021.jpeg,166,new_date_pg_166,new_date_pg_166,new_real_photo_aug,1,mild_perspective,0,train
images/image_0277.jpeg,new_date_augmented,real_photo_augmentation,169,aug_0071__from_169_KakaoTalk_Photo_2026-09-15-03-49-35_024.jpeg,KakaoTalk_Photo_2026-09-15-03-49-35 024.jpeg,169,new_date_pg_169,new_date_pg_169,new_real_photo_aug,1,mild_rotation_brightness_contrast,0,train
images/image_0278.jpeg,new_date_augmented,real_photo_augmentation,171,aug_0072__from_171_KakaoTalk_Photo_2026-09-15-03-49-36_026.jpeg,KakaoTalk_Photo_2026-09-15-03-49-36 026.jpeg,171,new_date_pg_171,new_date_pg_171,new_real_photo_aug,1,mild_blur_brightness,0,train
images/image_0279.jpeg,new_date_augmented,real_photo_augmentation,174,aug_0073__from_174_KakaoTalk_Photo_2026-09-15-03-49-38_029.jpeg,KakaoTalk_Photo_2026-09-15-03-49-38 029.jpeg,174,new_date_pg_174,new_date_pg_174,new_real_photo_aug,1,mild_rotation,0,train
images/image_0280.jpeg,new_date_augmented,real_photo_augmentation,176,aug_0074__from_176_KakaoTalk_Photo_2026-09-15-03-49-59_001.jpeg,KakaoTalk_Photo_2026-09-15-03-49-59 001.jpeg,176,new_date_pg_176,new_date_pg_176,new_real_photo_aug,1,mild_perspective,0,train
images/image_0281.jpeg,new_date_augmented,real_photo_augmentation,178,aug_0075__from_178_KakaoTalk_Photo_2026-09-15-03-50-00_003.jpeg,KakaoTalk_Photo_2026-09-15-03-50-00 003.jpeg,178,new_date_pg_178,new_date_pg_178,new_real_photo_aug,1,mild_rotation_brightness_contrast,0,train
images/image_0282.jpeg,new_date_augmented,real_photo_augmentation,181,aug_0076__from_181_KakaoTalk_Photo_2026-09-15-03-50-02_006.jpeg,KakaoTalk_Photo_2026-09-15-03-50-02 006.jpeg,181,new_date_pg_181,new_date_pg_181,new_real_photo_aug,1,mild_blur_brightness,0,train
images/image_0283.jpeg,new_date_augmented,real_photo_augmentation,183,aug_0077__from_183_KakaoTalk_Photo_2026-09-15-03-50-03_008.jpeg,KakaoTalk_Photo_2026-09-15-03-50-03 008.jpeg,183,new_date_pg_183,new_date_pg_183,new_real_photo_aug,1,mild_rotation,0,train
images/image_0284.jpeg,new_date_augmented,real_photo_augmentation,186,aug_0078__from_186_KakaoTalk_Photo_2026-09-15-03-50-06_011.jpeg,KakaoTalk_Photo_2026-09-15-03-50-06 011.jpeg,186,new_date_pg_186,new_date_pg_186,new_real_photo_aug,1,mild_perspective,0,train
images/image_0285.jpeg,new_date_augmented,real_photo_augmentation,188,aug_0079__from_188_KakaoTalk_Photo_2026-09-15-03-50-07_013.jpeg,KakaoTalk_Photo_2026-09-15-03-50-07 013.jpeg,188,new_date_pg_188,new_date_pg_188,new_real_photo_aug,1,mild_rotation_brightness_contrast,0,train
images/image_0286.jpeg,new_date_augmented,real_photo_augmentation,191,aug_0080__from_191_KakaoTalk_Photo_2026-09-15-03-50-09_016.jpeg,KakaoTalk_Photo_2026-09-15-03-50-09 016.jpeg,191,new_date_pg_191,new_date_pg_191,new_real_photo_aug,1,mild_blur_brightness,0,train
images/image_0287.jpeg,new_date_augmented,real_photo_augmentation,193,aug_0081__from_193_KakaoTalk_Photo_2026-09-15-03-50-10_018.jpeg,KakaoTalk_Photo_2026-09-15-03-50-10 018.jpeg,193,new_date_pg_193,new_date_pg_193,new_real_photo_aug,1,mild_rotation,0,train
images/image_0288.jpeg,new_date_augmented,real_photo_augmentation,195,aug_0082__from_195_KakaoTalk_Photo_2026-09-15-03-50-12_020.jpeg,KakaoTalk_Photo_2026-09-15-03-50-12 020.jpeg,195,new_date_pg_195,new_date_pg_195,new_real_photo_aug,1,mild_perspective,0,train
images/image_0289.jpeg,new_date_augmented,real_photo_augmentation,198,aug_0083__from_198_KakaoTalk_Photo_2026-09-15-03-50-13_023.jpeg,KakaoTalk_Photo_2026-09-15-03-50-13 023.jpeg,198,new_date_pg_198,new_date_pg_198,new_real_photo_aug,1,mild_rotation_brightness_contrast,0,train
images/image_0290.jpeg,new_date_augmented,real_photo_augmentation,200,aug_0084__from_200_KakaoTalk_Photo_2026-09-15-03-50-14_025.jpeg,KakaoTalk_Photo_2026-09-15-03-50-14 025.jpeg,200,new_date_pg_200,new_date_pg_200,new_real_photo_aug,1,mild_blur_brightness,0,train
images/image_0291.jpeg,new_date_augmented,real_photo_augmentation,203,aug_0085__from_203_KakaoTalk_Photo_2026-09-15-03-50-16_028.jpeg,KakaoTalk_Photo_2026-09-15-03-50-16 028.jpeg,203,new_date_pg_203,new_date_pg_203,new_real_photo_aug,1,mild_rotation,0,train
images/image_0292.jpeg,new_date_augmented,real_photo_augmentation,205,aug_0086__from_205_KakaoTalk_Photo_2026-09-15-03-50-18_030.jpeg,KakaoTalk_Photo_2026-09-15-03-50-18 030.jpeg,205,new_date_pg_205,new_date_pg_205,new_real_photo_aug,1,mild_perspective,0,train
images/image_0293.jpeg,new_date_augmented,real_photo_augmentation,1,aug_0087__from_001_KakaoTalk_260915_021729_11.jpeg,KakaoTalk_260915_021729_11.jpeg,1,new_date_pg_001,new_date_pg_001,new_real_photo_aug,1,mild_rotation_brightness_contrast,,train
images/image_0294.jpeg,new_date_augmented,real_photo_augmentation,30,aug_0088__from_030_KakaoTalk_260915_021755_01.jpeg,KakaoTalk_260915_021755_01.jpeg,30,new_date_pg_030,new_date_pg_030,new_real_photo_aug,1,mild_blur_brightness,,train
images/image_0295.jpeg,new_date_augmented,real_photo_augmentation,59,aug_0089__from_059_KakaoTalk_260915_021837_131.jpeg,KakaoTalk_260915_021837_131.jpeg,59,new_date_pg_059,new_date_pg_059,new_real_photo_aug,1,mild_rotation,,train
images/image_0296.jpeg,new_date_augmented,real_photo_augmentation,88,aug_0090__from_088_KakaoTalk_Photo_2026-09-15-03-47-04_013.jpeg,KakaoTalk_Photo_2026-09-15-03-47-04 013.jpeg,88,new_date_pg_088,new_date_pg_088,new_real_photo_aug,1,mild_perspective,,train
images/image_0297.jpeg,new_date_augmented,real_photo_augmentation,117,aug_0091__from_117_KakaoTalk_Photo_2026-09-15-03-48-03_012.jpeg,KakaoTalk_Photo_2026-09-15-03-48-03 012.jpeg,117,new_date_pg_117,new_date_pg_117,new_real_photo_aug,1,mild_rotation_brightness_contrast,,train
images/image_0298.jpeg,new_date_augmented,real_photo_augmentation,146,aug_0092__from_146_KakaoTalk_Photo_2026-09-15-03-49-21_001.jpeg,KakaoTalk_Photo_2026-09-15-03-49-21 001.jpeg,146,new_date_pg_146,new_date_pg_146,new_real_photo_aug,1,mild_blur_brightness,,train
images/image_0299.jpeg,new_date_augmented,real_photo_augmentation,175,aug_0093__from_175_KakaoTalk_Photo_2026-09-15-03-49-39_030.jpeg,KakaoTalk_Photo_2026-09-15-03-49-39 030.jpeg,175,new_date_pg_175,new_date_pg_175,new_real_photo_aug,1,mild_rotation,,train
images/image_0300.jpeg,new_date_augmented,real_photo_augmentation,204,aug_0094__from_204_KakaoTalk_Photo_2026-09-15-03-50-17_029.jpeg,KakaoTalk_Photo_2026-09-15-03-50-17 029.jpeg,204,new_date_pg_204,new_date_pg_204,new_real_photo_aug,1,mild_perspective,,train
images/image_0301.jpeg,new_images_real,real_photo,0,IMG_0721.JPG,IMG_0721.JPG,0,new_images_pg_001,new_images_pg_001,new_real_photo,0,none,0,train
images/image_0302.jpeg,new_images_real,real_photo,1,IMG_0722.JPG,IMG_0722.JPG,0,new_images_pg_001,new_images_pg_001,new_real_photo,0,none,0,train
images/image_0303.jpeg,new_images_real,real_photo,2,IMG_0723.JPG,IMG_0723.JPG,1,new_images_pg_002,new_images_pg_002,new_real_photo,0,none,0,train
images/image_0304.jpeg,new_images_real,real_photo,3,IMG_0724.JPG,IMG_0724.JPG,1,new_images_pg_002,new_images_pg_002,new_real_photo,0,none,0,train
images/image_0305.jpeg,new_images_real,real_photo,4,IMG_0725.JPG,IMG_0725.JPG,2,new_images_pg_003,new_images_pg_003,new_real_photo,0,none,0,train
images/image_0306.jpeg,new_images_real,real_photo,5,IMG_0726.JPG,IMG_0726.JPG,2,new_images_pg_003,new_images_pg_003,new_real_photo,0,none,0,train
images/image_0307.jpeg,new_images_real,real_photo,6,IMG_0727.JPG,IMG_0727.JPG,3,new_images_pg_004,new_images_pg_004,new_real_photo,0,none,0,train
images/image_0308.jpeg,new_images_real,real_photo,7,IMG_0728.JPG,IMG_0728.JPG,3,new_images_pg_004,new_images_pg_004,new_real_photo,0,none,0,train
images/image_0309.jpeg,new_images_real,real_photo,8,IMG_0729.JPG,IMG_0729.JPG,4,new_images_pg_005,new_images_pg_005,new_real_photo,0,none,0,train
images/image_0310.jpeg,new_images_real,real_photo,9,IMG_0730.JPG,IMG_0730.JPG,4,new_images_pg_005,new_images_pg_005,new_real_photo,0,none,0,train
images/image_0311.jpeg,new_images_real,real_photo,10,IMG_0731.JPG,IMG_0731.JPG,5,new_images_pg_006,new_images_pg_006,new_real_photo,0,none,0,train
images/image_0312.jpeg,new_images_real,real_photo,11,IMG_0732.JPG,IMG_0732.JPG,5,new_images_pg_006,new_images_pg_006,new_real_photo,0,none,0,train
images/image_0313.jpeg,new_images_real,real_photo,12,IMG_0733.JPG,IMG_0733.JPG,6,new_images_pg_007,new_images_pg_007,new_real_photo,0,none,0,train
images/image_0314.jpeg,new_images_real,real_photo,13,IMG_0734.JPG,IMG_0734.JPG,6,new_images_pg_007,new_images_pg_007,new_real_photo,0,none,0,train
images/image_0315.jpeg,new_images_real,real_photo,14,IMG_0735.JPG,IMG_0735.JPG,7,new_images_pg_008,new_images_pg_008,new_real_photo,0,none,0,train
images/image_0316.jpeg,new_images_real,real_photo,15,IMG_0736.JPG,IMG_0736.JPG,7,new_images_pg_008,new_images_pg_008,new_real_photo,0,none,0,train
images/image_0317.jpeg,new_images_real,real_photo,16,IMG_0737.JPG,IMG_0737.JPG,8,new_images_pg_009,new_images_pg_009,new_real_photo,0,none,0,train
images/image_0318.jpeg,new_images_real,real_photo,17,IMG_0738.JPG,IMG_0738.JPG,8,new_images_pg_009,new_images_pg_009,new_real_photo,0,none,0,train
images/image_0319.jpeg,new_images_real,real_photo,18,IMG_0739.JPG,IMG_0739.JPG,9,new_images_pg_010,new_images_pg_010,new_real_photo,0,none,0,train
images/image_0320.jpeg,new_images_real,real_photo,19,IMG_0740.JPG,IMG_0740.JPG,9,new_images_pg_010,new_images_pg_010,new_real_photo,0,none,0,train
images/image_0321.jpeg,new_images_real,real_photo,20,IMG_0741.JPG,IMG_0741.JPG,10,new_images_pg_011,new_images_pg_011,new_real_photo,0,none,0,train
images/image_0322.jpeg,new_images_real,real_photo,21,IMG_0742.JPG,IMG_0742.JPG,10,new_images_pg_011,new_images_pg_011,new_real_photo,0,none,0,train
images/image_0323.jpeg,new_images_real,real_photo,22,IMG_0743.JPG,IMG_0743.JPG,11,new_images_pg_012,new_images_pg_012,new_real_photo,0,none,0,train
images/image_0324.jpeg,new_images_real,real_photo,23,IMG_0744.JPG,IMG_0744.JPG,11,new_images_pg_012,new_images_pg_012,new_real_photo,0,none,0,train
images/image_0325.jpeg,new_images_real,real_photo,24,IMG_0745.JPG,IMG_0745.JPG,12,new_images_pg_013,new_images_pg_013,new_real_photo,0,none,0,train
images/image_0326.jpeg,new_images_real,real_photo,25,IMG_0746.JPG,IMG_0746.JPG,12,new_images_pg_013,new_images_pg_013,new_real_photo,0,none,0,train
images/image_0327.jpeg,new_images_real,real_photo,26,IMG_0747.JPG,IMG_0747.JPG,13,new_images_pg_014,new_images_pg_014,new_real_photo,0,none,0,train
images/image_0328.jpeg,new_images_real,real_photo,27,IMG_0748.JPG,IMG_0748.JPG,13,new_images_pg_014,new_images_pg_014,new_real_photo,0,none,0,train
images/image_0329.jpeg,new_images_real,real_photo,28,IMG_0749.JPG,IMG_0749.JPG,14,new_images_pg_015,new_images_pg_015,new_real_photo,0,none,0,train
images/image_0330.jpeg,new_images_real,real_photo,29,IMG_0750.JPG,IMG_0750.JPG,14,new_images_pg_015,new_images_pg_015,new_real_photo,0,none,0,train
images/image_0331.jpeg,new_images_real,real_photo,30,IMG_0751.JPG,IMG_0751.JPG,15,new_images_pg_016,new_images_pg_016,new_real_photo,0,none,0,train
images/image_0332.jpeg,new_images_real,real_photo,31,IMG_0752.JPG,IMG_0752.JPG,15,new_images_pg_016,new_images_pg_016,new_real_photo,0,none,0,train
images/image_0333.jpeg,new_images_real,real_photo,32,IMG_0753.JPG,IMG_0753.JPG,16,new_images_pg_017,new_images_pg_017,new_real_photo,0,none,0,train
images/image_0334.jpeg,new_images_real,real_photo,33,IMG_0754.JPG,IMG_0754.JPG,16,new_images_pg_017,new_images_pg_017,new_real_photo,0,none,0,train
images/image_0335.jpeg,new_images_real,real_photo,34,IMG_0755.JPG,IMG_0755.JPG,17,new_images_pg_018,new_images_pg_018,new_real_photo,0,none,0,train
images/image_0336.jpeg,new_images_real,real_photo,35,IMG_0756.JPG,IMG_0756.JPG,17,new_images_pg_018,new_images_pg_018,new_real_photo,0,none,0,train
images/image_0337.jpeg,new_images_real,real_photo,36,IMG_0757.JPG,IMG_0757.JPG,18,new_images_pg_019,new_images_pg_019,new_real_photo,0,none,0,train
images/image_0338.jpeg,new_images_real,real_photo,37,IMG_0758.JPG,IMG_0758.JPG,18,new_images_pg_019,new_images_pg_019,new_real_photo,0,none,0,train
images/image_0339.jpeg,new_images_real,real_photo,38,IMG_0759.JPG,IMG_0759.JPG,19,new_images_pg_020,new_images_pg_020,new_real_photo,0,none,0,train
images/image_0340.jpeg,new_images_real,real_photo,39,IMG_0760.JPG,IMG_0760.JPG,19,new_images_pg_020,new_images_pg_020,new_real_photo,0,none,0,train
images/image_0341.jpeg,new_images_real,real_photo,40,IMG_0761.JPG,IMG_0761.JPG,20,new_images_pg_021,new_images_pg_021,new_real_photo,0,none,0,train
images/image_0342.jpeg,new_images_real,real_photo,41,IMG_0762.JPG,IMG_0762.JPG,20,new_images_pg_021,new_images_pg_021,new_real_photo,0,none,0,train
images/image_0343.jpeg,new_images_real,real_photo,42,IMG_0763.JPG,IMG_0763.JPG,21,new_images_pg_022,new_images_pg_022,new_real_photo,0,none,0,train
images/image_0344.jpeg,new_images_real,real_photo,43,IMG_0764.JPG,IMG_0764.JPG,21,new_images_pg_022,new_images_pg_022,new_real_photo,0,none,0,train
images/image_0345.jpeg,new_images_real,real_photo,44,IMG_0765.JPG,IMG_0765.JPG,22,new_images_pg_023,new_images_pg_023,new_real_photo,0,none,0,train
images/image_0346.jpeg,new_images_real,real_photo,45,IMG_0766.JPG,IMG_0766.JPG,22,new_images_pg_023,new_images_pg_023,new_real_photo,0,none,0,train
images/image_0347.jpeg,new_images_real,real_photo,46,IMG_0767.JPG,IMG_0767.JPG,23,new_images_pg_024,new_images_pg_024,new_real_photo,0,none,0,train
images/image_0348.jpeg,new_images_real,real_photo,47,IMG_0768.JPG,IMG_0768.JPG,23,new_images_pg_024,new_images_pg_024,new_real_photo,0,none,0,train
images/image_0349.jpeg,new_images_real,real_photo,48,IMG_0769.JPG,IMG_0769.JPG,24,new_images_pg_025,new_images_pg_025,new_real_photo,0,none,0,train
images/image_0350.jpeg,new_images_real,real_photo,49,IMG_0770.JPG,IMG_0770.JPG,24,new_images_pg_025,new_images_pg_025,new_real_photo,0,none,0,train
images/image_0351.jpeg,new_images_real,real_photo,50,IMG_0771.JPG,IMG_0771.JPG,25,new_images_pg_026,new_images_pg_026,new_real_photo,0,none,0,train
images/image_0352.jpeg,new_images_real,real_photo,51,IMG_0772.JPG,IMG_0772.JPG,25,new_images_pg_026,new_images_pg_026,new_real_photo,0,none,0,train
images/image_0353.jpeg,new_images_real,real_photo,52,IMG_0773.JPG,IMG_0773.JPG,26,new_images_pg_027,new_images_pg_027,new_real_photo,0,none,0,train
images/image_0354.jpeg,new_images_real,real_photo,53,IMG_0774.JPG,IMG_0774.JPG,26,new_images_pg_027,new_images_pg_027,new_real_photo,0,none,0,train
images/image_0355.jpeg,new_images_real,real_photo,54,IMG_0775.JPG,IMG_0775.JPG,27,new_images_pg_028,new_images_pg_028,new_real_photo,0,none,0,train
images/image_0356.jpeg,new_images_real,real_photo,55,IMG_0776.JPG,IMG_0776.JPG,27,new_images_pg_028,new_images_pg_028,new_real_photo,0,none,0,train
images/image_0357.jpeg,new_images_real,real_photo,56,IMG_0777.JPG,IMG_0777.JPG,28,new_images_pg_029,new_images_pg_029,new_real_photo,0,none,0,train
images/image_0358.jpeg,new_images_real,real_photo,57,IMG_0778.JPG,IMG_0778.JPG,28,new_images_pg_029,new_images_pg_029,new_real_photo,0,none,0,train
images/image_0359.jpeg,new_images_real,real_photo,58,IMG_0779.JPG,IMG_0779.JPG,29,new_images_pg_030,new_images_pg_030,new_real_photo,0,none,0,train
images/image_0360.jpeg,new_images_real,real_photo,59,IMG_0780.JPG,IMG_0780.JPG,29,new_images_pg_030,new_images_pg_030,new_real_photo,0,none,0,train
images/image_0361.jpeg,new_images_real,real_photo,60,IMG_0781.JPG,IMG_0781.JPG,30,new_images_pg_031,new_images_pg_031,new_real_photo,0,none,0,train
images/image_0362.jpeg,new_images_real,real_photo,61,IMG_0782.JPG,IMG_0782.JPG,30,new_images_pg_031,new_images_pg_031,new_real_photo,0,none,0,train
images/image_0363.jpeg,new_images_real,real_photo,62,IMG_0783.JPG,IMG_0783.JPG,31,new_images_pg_032,new_images_pg_032,new_real_photo,0,none,0,train
images/image_0364.jpeg,new_images_real,real_photo,63,IMG_0784.JPG,IMG_0784.JPG,31,new_images_pg_032,new_images_pg_032,new_real_photo,0,none,0,train
images/image_0365.jpeg,new_images_real,real_photo,64,IMG_0785.JPG,IMG_0785.JPG,32,new_images_pg_033,new_images_pg_033,new_real_photo,0,none,0,train
images/image_0366.jpeg,new_images_real,real_photo,65,IMG_0786.JPG,IMG_0786.JPG,32,new_images_pg_033,new_images_pg_033,new_real_photo,0,none,0,train
images/image_0367.jpeg,new_images_real,real_photo,66,IMG_0787.JPG,IMG_0787.JPG,33,new_images_pg_034,new_images_pg_034,new_real_photo,0,none,0,train
images/image_0368.jpeg,new_images_real,real_photo,67,IMG_0788.JPG,IMG_0788.JPG,33,new_images_pg_034,new_images_pg_034,new_real_photo,0,none,0,train
images/image_0369.jpeg,new_images_real,real_photo,68,IMG_0789.JPG,IMG_0789.JPG,34,new_images_pg_035,new_images_pg_035,new_real_photo,0,none,0,train
images/image_0370.jpeg,new_images_real,real_photo,69,IMG_0790.JPG,IMG_0790.JPG,34,new_images_pg_035,new_images_pg_035,new_real_photo,0,none,0,train
images/image_0371.jpeg,new_images_real,real_photo,70,IMG_0791.JPG,IMG_0791.JPG,35,new_images_pg_036,new_images_pg_036,new_real_photo,0,none,0,train
images/image_0372.jpeg,new_images_real,real_photo,71,IMG_0792.JPG,IMG_0792.JPG,35,new_images_pg_036,new_images_pg_036,new_real_photo,0,none,0,train
images/image_0373.jpeg,new_images_real,real_photo,72,IMG_0793.JPG,IMG_0793.JPG,36,new_images_pg_037,new_images_pg_037,new_real_photo,0,none,0,train
images/image_0374.jpeg,new_images_real,real_photo,73,IMG_0794.JPG,IMG_0794.JPG,36,new_images_pg_037,new_images_pg_037,new_real_photo,0,none,0,train
images/image_0375.jpeg,new_images_real,real_photo,74,IMG_0796.JPG,IMG_0796.JPG,37,new_images_pg_038,new_images_pg_038,new_real_photo,0,none,0,train
images/image_0376.jpeg,new_images_real,real_photo,75,IMG_0797.JPG,IMG_0797.JPG,37,new_images_pg_038,new_images_pg_038,new_real_photo,0,none,0,train
images/image_0377.jpeg,new_images_real,real_photo,76,IMG_0798.JPG,IMG_0798.JPG,38,new_images_pg_039,new_images_pg_039,new_real_photo,0,none,0,train
images/image_0378.jpeg,new_images_real,real_photo,77,IMG_0799.JPG,IMG_0799.JPG,38,new_images_pg_039,new_images_pg_039,new_real_photo,0,none,0,train
images/image_0379.jpeg,new_images_real,real_photo,78,IMG_0800.JPG,IMG_0800.JPG,39,new_images_pg_040,new_images_pg_040,new_real_photo,0,none,0,train
images/image_0380.jpeg,new_images_real,real_photo,79,IMG_0801.JPG,IMG_0801.JPG,39,new_images_pg_040,new_images_pg_040,new_real_photo,0,none,0,train
images/image_0381.jpeg,new_images_real,real_photo,80,IMG_0802.JPG,IMG_0802.JPG,40,new_images_pg_041,new_images_pg_041,new_real_photo,0,none,0,train
images/image_0382.jpeg,new_images_real,real_photo,81,IMG_0803.JPG,IMG_0803.JPG,40,new_images_pg_041,new_images_pg_041,new_real_photo,0,none,0,train
images/image_0383.jpeg,new_images_real,real_photo,82,IMG_0804.JPG,IMG_0804.JPG,41,new_images_pg_042,new_images_pg_042,new_real_photo,0,none,0,train
images/image_0384.jpeg,new_images_real,real_photo,83,IMG_0805.JPG,IMG_0805.JPG,41,new_images_pg_042,new_images_pg_042,new_real_photo,0,none,0,train
images/image_0385.jpeg,new_images_real,real_photo,84,IMG_0806.JPG,IMG_0806.JPG,42,new_images_pg_043,new_images_pg_043,new_real_photo,0,none,0,train
images/image_0386.jpeg,new_images_real,real_photo,85,IMG_0807.JPG,IMG_0807.JPG,42,new_images_pg_043,new_images_pg_043,new_real_photo,0,none,0,train
images/image_0387.jpeg,new_images_real,real_photo,86,IMG_0808.JPG,IMG_0808.JPG,43,new_images_pg_044,new_images_pg_044,new_real_photo,0,none,0,train
images/image_0388.jpeg,new_images_real,real_photo,87,IMG_0809.JPG,IMG_0809.JPG,43,new_images_pg_044,new_images_pg_044,new_real_photo,0,none,0,train
images/image_0389.jpeg,new_images_real,real_photo,88,IMG_0810.JPG,IMG_0810.JPG,44,new_images_pg_045,new_images_pg_045,new_real_photo,0,none,0,train
images/image_0390.jpeg,new_images_real,real_photo,89,IMG_0811.JPG,IMG_0811.JPG,44,new_images_pg_045,new_images_pg_045,new_real_photo,0,none,0,train
images/image_0391.jpeg,new_images_real,real_photo,90,IMG_0812.JPG,IMG_0812.JPG,45,new_images_pg_046,new_images_pg_046,new_real_photo,0,none,0,train
images/image_0392.jpeg,new_images_real,real_photo,91,IMG_0813.JPG,IMG_0813.JPG,45,new_images_pg_046,new_images_pg_046,new_real_photo,0,none,0,train
images/image_0393.jpeg,new_images_real,real_photo,92,IMG_0814.JPG,IMG_0814.JPG,46,new_images_pg_047,new_images_pg_047,new_real_photo,0,none,0,train
images/image_0394.jpeg,new_images_real,real_photo,93,IMG_0815.JPG,IMG_0815.JPG,46,new_images_pg_047,new_images_pg_047,new_real_photo,0,none,0,train
images/image_0395.jpeg,new_images_real,real_photo,94,IMG_0816.JPG,IMG_0816.JPG,47,new_images_pg_048,new_images_pg_048,new_real_photo,0,none,0,train
images/image_0396.jpeg,new_images_real,real_photo,95,IMG_0817.JPG,IMG_0817.JPG,47,new_images_pg_048,new_images_pg_048,new_real_photo,0,none,0,train
images/image_0397.jpeg,new_images_real,real_photo,96,IMG_0818.JPG,IMG_0818.JPG,48,new_images_pg_049,new_images_pg_049,new_real_photo,0,none,0,train
images/image_0398.jpeg,new_images_real,real_photo,97,IMG_0819.JPG,IMG_0819.JPG,48,new_images_pg_049,new_images_pg_049,new_real_photo,0,none,0,train
images/image_0399.jpeg,new_images_real,real_photo,98,IMG_0820.JPG,IMG_0820.JPG,49,new_images_pg_050,new_images_pg_050,new_real_photo,0,none,0,train
images/image_0400.jpeg,new_images_real,real_photo,99,IMG_0821.JPG,IMG_0821.JPG,49,new_images_pg_050,new_images_pg_050,new_real_photo,0,none,0,train
images/image_0401.jpeg,new_images_real,real_photo,100,IMG_0822.JPG,IMG_0822.JPG,50,new_images_pg_051,new_images_pg_051,new_real_photo,0,none,0,train
images/image_0402.jpeg,new_images_real,real_photo,101,IMG_0823.JPG,IMG_0823.JPG,50,new_images_pg_051,new_images_pg_051,new_real_photo,0,none,0,train
images/image_0403.jpeg,new_images_real,real_photo,102,IMG_0824.JPG,IMG_0824.JPG,51,new_images_pg_052,new_images_pg_052,new_real_photo,0,none,0,train
images/image_0404.jpeg,new_images_real,real_photo,103,IMG_0825.JPG,IMG_0825.JPG,51,new_images_pg_052,new_images_pg_052,new_real_photo,0,none,0,train
images/image_0405.jpeg,new_images_real,real_photo,104,IMG_0826.JPG,IMG_0826.JPG,52,new_images_pg_053,new_images_pg_053,new_real_photo,0,none,0,train
images/image_0406.jpeg,new_images_real,real_photo,105,IMG_0827.JPG,IMG_0827.JPG,52,new_images_pg_053,new_images_pg_053,new_real_photo,0,none,0,train
images/image_0407.jpeg,new_images_real,real_photo,106,IMG_0828.JPG,IMG_0828.JPG,53,new_images_pg_054,new_images_pg_054,new_real_photo,0,none,0,train
images/image_0408.jpeg,new_images_real,real_photo,107,IMG_0829.JPG,IMG_0829.JPG,53,new_images_pg_054,new_images_pg_054,new_real_photo,0,none,0,train
images/image_0409.jpeg,new_images_real,real_photo,108,IMG_0830.JPG,IMG_0830.JPG,54,new_images_pg_055,new_images_pg_055,new_real_photo,0,none,0,train
images/image_0410.jpeg,new_images_real,real_photo,109,IMG_0831.JPG,IMG_0831.JPG,54,new_images_pg_055,new_images_pg_055,new_real_photo,0,none,0,train
images/image_0411.jpeg,new_images_real,real_photo,110,IMG_0832.JPG,IMG_0832.JPG,55,new_images_pg_056,new_images_pg_056,new_real_photo,0,none,0,train
images/image_0412.jpeg,new_images_real,real_photo,111,IMG_0833.JPG,IMG_0833.JPG,55,new_images_pg_056,new_images_pg_056,new_real_photo,0,none,0,train
images/image_0413.jpeg,new_images_real,real_photo,112,IMG_0834.JPG,IMG_0834.JPG,56,new_images_pg_057,new_images_pg_057,new_real_photo,0,none,0,train
images/image_0414.jpeg,new_images_real,real_photo,113,IMG_0835.JPG,IMG_0835.JPG,56,new_images_pg_057,new_images_pg_057,new_real_photo,0,none,0,train
images/image_0415.jpeg,new_images_real,real_photo,114,IMG_0836.JPG,IMG_0836.JPG,57,new_images_pg_058,new_images_pg_058,new_real_photo,0,none,0,train
images/image_0416.jpeg,new_images_real,real_photo,115,IMG_0837.JPG,IMG_0837.JPG,57,new_images_pg_058,new_images_pg_058,new_real_photo,0,none,0,train
images/image_0417.jpeg,new_images_real,real_photo,116,IMG_0838.JPG,IMG_0838.JPG,58,new_images_pg_059,new_images_pg_059,new_real_photo,0,none,0,train
images/image_0418.jpeg,new_images_real,real_photo,117,IMG_0839.JPG,IMG_0839.JPG,58,new_images_pg_059,new_images_pg_059,new_real_photo,0,none,0,train
images/image_0419.jpeg,new_images_real,real_photo,118,IMG_0840.JPG,IMG_0840.JPG,59,new_images_pg_060,new_images_pg_060,new_real_photo,0,none,0,train
images/image_0420.jpeg,new_images_real,real_photo,119,IMG_0841.JPG,IMG_0841.JPG,59,new_images_pg_060,new_images_pg_060,new_real_photo,0,none,0,train
images/image_0421.jpeg,new_images_real,real_photo,120,IMG_0842.JPG,IMG_0842.JPG,60,new_images_pg_061,new_images_pg_061,new_real_photo,0,none,0,train
images/image_0422.jpeg,new_images_real,real_photo,121,IMG_0843.JPG,IMG_0843.JPG,60,new_images_pg_061,new_images_pg_061,new_real_photo,0,none,0,train
images/image_0423.jpeg,new_images_real,real_photo,122,IMG_0844.JPG,IMG_0844.JPG,61,new_images_pg_062,new_images_pg_062,new_real_photo,0,none,0,train
images/image_0424.jpeg,new_images_real,real_photo,123,IMG_0845.JPG,IMG_0845.JPG,61,new_images_pg_062,new_images_pg_062,new_real_photo,0,none,0,train
images/image_0425.jpeg,new_images_real,real_photo,124,IMG_0846.JPG,IMG_0846.JPG,62,new_images_pg_063,new_images_pg_063,new_real_photo,0,none,0,train
images/image_0426.jpeg,new_images_real,real_photo,125,IMG_0847.JPG,IMG_0847.JPG,62,new_images_pg_063,new_images_pg_063,new_real_photo,0,none,0,train
images/image_0427.jpeg,new_images_real,real_photo,126,IMG_0848.JPG,IMG_0848.JPG,63,new_images_pg_064,new_images_pg_064,new_real_photo,0,none,0,train
images/image_0428.jpeg,new_images_real,real_photo,127,IMG_0849.JPG,IMG_0849.JPG,63,new_images_pg_064,new_images_pg_064,new_real_photo,0,none,0,train
images/image_0429.jpeg,new_images_real,real_photo,128,IMG_0850.JPG,IMG_0850.JPG,64,new_images_pg_065,new_images_pg_065,new_real_photo,0,none,0,train
images/image_0430.jpeg,new_images_real,real_photo,129,IMG_0851.JPG,IMG_0851.JPG,64,new_images_pg_065,new_images_pg_065,new_real_photo,0,none,0,train
images/image_0431.jpeg,new_images_real,real_photo,130,IMG_0852.JPG,IMG_0852.JPG,65,new_images_pg_066,new_images_pg_066,new_real_photo,0,none,0,train
images/image_0432.jpeg,new_images_real,real_photo,131,IMG_0853.JPG,IMG_0853.JPG,65,new_images_pg_066,new_images_pg_066,new_real_photo,0,none,0,train
images/image_0433.jpeg,new_images_real,real_photo,132,IMG_0854.JPG,IMG_0854.JPG,66,new_images_pg_067,new_images_pg_067,new_real_photo,0,none,0,train
images/image_0434.jpeg,new_images_real,real_photo,133,IMG_0855.JPG,IMG_0855.JPG,66,new_images_pg_067,new_images_pg_067,new_real_photo,0,none,0,train
images/image_0435.jpeg,new_images_real,real_photo,134,IMG_0856.JPG,IMG_0856.JPG,67,new_images_pg_068,new_images_pg_068,new_real_photo,0,none,0,train
images/image_0436.jpeg,new_images_real,real_photo,135,IMG_0857.JPG,IMG_0857.JPG,67,new_images_pg_068,new_images_pg_068,new_real_photo,0,none,0,train
images/image_0437.jpeg,new_images_real,real_photo,136,IMG_0858.JPG,IMG_0858.JPG,68,new_images_pg_069,new_images_pg_069,new_real_photo,0,none,0,train
images/image_0438.jpeg,new_images_real,real_photo,137,IMG_0859.JPG,IMG_0859.JPG,68,new_images_pg_069,new_images_pg_069,new_real_photo,0,none,0,train
images/image_0439.jpeg,new_images_real,real_photo,138,IMG_0860.JPG,IMG_0860.JPG,69,new_images_pg_070,new_images_pg_070,new_real_photo,0,none,0,train
images/image_0440.jpeg,new_images_real,real_photo,139,IMG_0861.JPG,IMG_0861.JPG,69,new_images_pg_070,new_images_pg_070,new_real_photo,0,none,0,train
images/image_0441.jpeg,new_images_real,real_photo,140,IMG_0862.JPG,IMG_0862.JPG,70,new_images_pg_071,new_images_pg_071,new_real_photo,0,none,0,train
images/image_0442.jpeg,new_images_real,real_photo,141,IMG_0863.JPG,IMG_0863.JPG,70,new_images_pg_071,new_images_pg_071,new_real_photo,0,none,0,train
images/image_0443.jpeg,new_images_real,real_photo,142,IMG_0864.JPG,IMG_0864.JPG,71,new_images_pg_072,new_images_pg_072,new_real_photo,0,none,0,train
images/image_0444.jpeg,new_images_real,real_photo,143,IMG_0865.JPG,IMG_0865.JPG,71,new_images_pg_072,new_images_pg_072,new_real_photo,0,none,0,train
images/image_0445.jpeg,new_images_real,real_photo,144,IMG_0866.JPG,IMG_0866.JPG,72,new_images_pg_073,new_images_pg_073,new_real_photo,0,none,0,train
images/image_0446.jpeg,new_images_real,real_photo,145,IMG_0867.JPG,IMG_0867.JPG,72,new_images_pg_073,new_images_pg_073,new_real_photo,0,none,0,train
images/image_0447.jpeg,new_images_real,real_photo,146,IMG_0868.JPG,IMG_0868.JPG,73,new_images_pg_074,new_images_pg_074,new_real_photo,0,none,0,train
images/image_0448.jpeg,new_images_real,real_photo,147,IMG_0869.JPG,IMG_0869.JPG,73,new_images_pg_074,new_images_pg_074,new_real_photo,0,none,0,train
images/image_0449.jpeg,new_images_real,real_photo,148,IMG_0870.JPG,IMG_0870.JPG,74,new_images_pg_075,new_images_pg_075,new_real_photo,0,none,0,train
images/image_0450.jpeg,new_images_real,real_photo,149,IMG_0871.JPG,IMG_0871.JPG,74,new_images_pg_075,new_images_pg_075,new_real_photo,0,none,0,train
images/image_0451.jpeg,new_images_real,real_photo,150,IMG_0872.JPG,IMG_0872.JPG,75,new_images_pg_076,new_images_pg_076,new_real_photo,0,none,0,train
images/image_0452.jpeg,new_images_real,real_photo,151,IMG_0873.JPG,IMG_0873.JPG,75,new_images_pg_076,new_images_pg_076,new_real_photo,0,none,0,train
images/image_0453.jpeg,new_images_real,real_photo,152,IMG_0874.JPG,IMG_0874.JPG,76,new_images_pg_077,new_images_pg_077,new_real_photo,0,none,0,train
images/image_0454.jpeg,new_images_real,real_photo,153,IMG_0875.JPG,IMG_0875.JPG,76,new_images_pg_077,new_images_pg_077,new_real_photo,0,none,0,train
images/image_0455.jpeg,new_images_real,real_photo,154,IMG_0876.JPG,IMG_0876.JPG,77,new_images_pg_078,new_images_pg_078,new_real_photo,0,none,0,train
images/image_0456.jpeg,new_images_real,real_photo,155,IMG_0877.JPG,IMG_0877.JPG,77,new_images_pg_078,new_images_pg_078,new_real_photo,0,none,0,train
images/image_0457.jpeg,new_images_real,real_photo,156,IMG_0878.JPG,IMG_0878.JPG,78,new_images_pg_079,new_images_pg_079,new_real_photo,0,none,0,train
images/image_0458.jpeg,new_images_real,real_photo,157,IMG_0879.JPG,IMG_0879.JPG,78,new_images_pg_079,new_images_pg_079,new_real_photo,0,none,0,train
images/image_0459.jpeg,new_images_real,real_photo,158,IMG_0880.JPG,IMG_0880.JPG,79,new_images_pg_080,new_images_pg_080,new_real_photo,0,none,0,train
images/image_0460.jpeg,new_images_real,real_photo,159,IMG_0881.JPG,IMG_0881.JPG,79,new_images_pg_080,new_images_pg_080,new_real_photo,0,none,0,train
images/image_0461.jpeg,new_images_real,real_photo,160,IMG_0882.JPG,IMG_0882.JPG,80,new_images_pg_081,new_images_pg_081,new_real_photo,0,none,0,train
images/image_0462.jpeg,new_images_real,real_photo,161,IMG_0883.JPG,IMG_0883.JPG,80,new_images_pg_081,new_images_pg_081,new_real_photo,0,none,0,train
images/image_0463.jpeg,new_images_real,real_photo,162,IMG_0884.JPG,IMG_0884.JPG,81,new_images_pg_082,new_images_pg_082,new_real_photo,0,none,0,train
images/image_0464.jpeg,new_images_real,real_photo,163,IMG_0885.JPG,IMG_0885.JPG,81,new_images_pg_082,new_images_pg_082,new_real_photo,0,none,0,train
images/image_0465.jpeg,new_images_real,real_photo,164,IMG_0886.JPG,IMG_0886.JPG,82,new_images_pg_083,new_images_pg_083,new_real_photo,0,none,0,train
images/image_0466.jpeg,new_images_real,real_photo,165,IMG_0887.JPG,IMG_0887.JPG,82,new_images_pg_083,new_images_pg_083,new_real_photo,0,none,0,train
images/image_0467.jpeg,new_images_real,real_photo,166,IMG_0888.JPG,IMG_0888.JPG,83,new_images_pg_084,new_images_pg_084,new_real_photo,0,none,0,train
images/image_0468.jpeg,new_images_real,real_photo,167,IMG_0889.JPG,IMG_0889.JPG,83,new_images_pg_084,new_images_pg_084,new_real_photo,0,none,0,train
images/image_0469.jpeg,new_images_real,real_photo,168,IMG_0890.JPG,IMG_0890.JPG,84,new_images_pg_085,new_images_pg_085,new_real_photo,0,none,0,train
images/image_0470.jpeg,new_images_real,real_photo,169,IMG_0891.JPG,IMG_0891.JPG,84,new_images_pg_085,new_images_pg_085,new_real_photo,0,none,0,train
images/image_0471.jpeg,new_images_real,real_photo,170,IMG_0892.JPG,IMG_0892.JPG,85,new_images_pg_086,new_images_pg_086,new_real_photo,0,none,0,train
images/image_0472.jpeg,new_images_real,real_photo,171,IMG_0893.JPG,IMG_0893.JPG,85,new_images_pg_086,new_images_pg_086,new_real_photo,0,none,0,train
images/image_0473.jpeg,new_images_real,real_photo,172,IMG_0894.JPG,IMG_0894.JPG,86,new_images_pg_087,new_images_pg_087,new_real_photo,0,none,0,train
images/image_0474.jpeg,new_images_real,real_photo,173,IMG_0895.JPG,IMG_0895.JPG,86,new_images_pg_087,new_images_pg_087,new_real_photo,0,none,0,train
images/image_0475.jpeg,new_images_real,real_photo,174,IMG_0896.JPG,IMG_0896.JPG,87,new_images_pg_088,new_images_pg_088,new_real_photo,0,none,0,train
images/image_0476.jpeg,new_images_real,real_photo,175,IMG_0897.JPG,IMG_0897.JPG,87,new_images_pg_088,new_images_pg_088,new_real_photo,0,none,0,train
images/image_0477.jpeg,new_images_real,real_photo,176,IMG_0898.JPG,IMG_0898.JPG,88,new_images_pg_089,new_images_pg_089,new_real_photo,0,none,0,train
images/image_0478.jpeg,new_images_real,real_photo,177,IMG_0899.JPG,IMG_0899.JPG,88,new_images_pg_089,new_images_pg_089,new_real_photo,0,none,0,train
images/image_0479.jpeg,new_images_real,real_photo,178,IMG_0900.JPG,IMG_0900.JPG,89,new_images_pg_090,new_images_pg_090,new_real_photo,0,none,0,train
images/image_0480.jpeg,new_images_real,real_photo,179,IMG_0901.JPG,IMG_0901.JPG,89,new_images_pg_090,new_images_pg_090,new_real_photo,0,none,0,train
images/image_0481.jpeg,new_images_real,real_photo,180,IMG_0902.JPG,IMG_0902.JPG,90,new_images_pg_091,new_images_pg_091,new_real_photo,0,none,0,train
images/image_0482.jpeg,new_images_real,real_photo,181,IMG_0903.JPG,IMG_0903.JPG,90,new_images_pg_091,new_images_pg_091,new_real_photo,0,none,0,train
images/image_0483.jpeg,new_images_real,real_photo,182,IMG_0904.JPG,IMG_0904.JPG,91,new_images_pg_092,new_images_pg_092,new_real_photo,0,none,0,train
images/image_0484.jpeg,new_images_real,real_photo,183,IMG_0905.JPG,IMG_0905.JPG,91,new_images_pg_092,new_images_pg_092,new_real_photo,0,none,0,train
images/image_0485.jpeg,new_images_real,real_photo,184,IMG_0906.JPG,IMG_0906.JPG,92,new_images_pg_093,new_images_pg_093,new_real_photo,0,none,0,train
images/image_0486.jpeg,new_images_real,real_photo,185,IMG_0907.JPG,IMG_0907.JPG,92,new_images_pg_093,new_images_pg_093,new_real_photo,0,none,0,train
images/image_0487.jpeg,new_images_real,real_photo,186,IMG_0908.JPG,IMG_0908.JPG,93,new_images_pg_094,new_images_pg_094,new_real_photo,0,none,0,train
images/image_0488.jpeg,new_images_real,real_photo,187,IMG_0909.JPG,IMG_0909.JPG,93,new_images_pg_094,new_images_pg_094,new_real_photo,0,none,0,train
images/image_0489.jpeg,new_images_real,real_photo,188,IMG_0910.JPG,IMG_0910.JPG,94,new_images_pg_095,new_images_pg_095,new_real_photo,0,none,0,train
images/image_0490.jpeg,new_images_real,real_photo,189,IMG_0911.JPG,IMG_0911.JPG,94,new_images_pg_095,new_images_pg_095,new_real_photo,0,none,0,train
images/image_0491.jpeg,new_images_real,real_photo,190,IMG_0912.JPG,IMG_0912.JPG,95,new_images_pg_096,new_images_pg_096,new_real_photo,0,none,0,train
images/image_0492.jpeg,new_images_real,real_photo,191,IMG_0913.JPG,IMG_0913.JPG,95,new_images_pg_096,new_images_pg_096,new_real_photo,0,none,0,train
images/image_0493.jpeg,new_images_real,real_photo,192,IMG_0914.JPG,IMG_0914.JPG,96,new_images_pg_097,new_images_pg_097,new_real_photo,0,none,0,train
images/image_0494.jpeg,new_images_real,real_photo,193,IMG_0915.JPG,IMG_0915.JPG,96,new_images_pg_097,new_images_pg_097,new_real_photo,0,none,0,train
images/image_0495.jpeg,new_images_real,real_photo,194,IMG_0916.JPG,IMG_0916.JPG,97,new_images_pg_098,new_images_pg_098,new_real_photo,0,none,0,train
images/image_0496.jpeg,new_images_real,real_photo,195,IMG_0917.JPG,IMG_0917.JPG,97,new_images_pg_098,new_images_pg_098,new_real_photo,0,none,0,train
images/image_0497.jpeg,new_images_real,real_photo,196,IMG_0918.JPG,IMG_0918.JPG,98,new_images_pg_099,new_images_pg_099,new_real_photo,0,none,0,train
images/image_0498.jpeg,new_images_real,real_photo,197,IMG_0919.JPG,IMG_0919.JPG,98,new_images_pg_099,new_images_pg_099,new_real_photo,0,none,0,train
images/image_0499.jpeg,new_images_real,real_photo,198,IMG_0920.JPG,IMG_0920.JPG,99,new_images_pg_100,new_images_pg_100,new_real_photo,0,none,0,train
images/image_0500.jpeg,new_images_real,real_photo,199,IMG_0921.JPG,IMG_0921.JPG,99,new_images_pg_100,new_images_pg_100,new_real_photo,0,none,0,train
